# vtk DataFile Version 2.0
geometrically linear steady-state plane stress analysis
ASCII

DATASET UNSTRUCTURED_GRID
POINTS 552 double
  29.000000  19.400048  0.000000
  28.000078  19.400000  0.000000
  29.000000  18.379002  0.000000
  27.583449  18.334453  0.000000
  27.000155  19.400000  0.000000
  29.000000  17.357952  0.000000
  28.000098  17.320571  0.000000
  26.500207  18.186569  0.000000
  27.000190  17.320570  0.000000
  26.000223  19.400000  0.000000
  29.000000  16.336912  0.000000
  27.500164  16.454551  0.000000
  26.000279  17.320574  0.000000
  25.500278  18.186573  0.000000
  26.500272  16.454555  0.000000
  28.000123  15.588534  0.000000
  25.000279  19.400000  0.000000
  29.000000  15.315862  0.000000
  27.000248  15.588536  0.000000
  25.000360  17.320579  0.000000
  25.500379  16.454561  0.000000
  24.500335  18.186575  0.000000
  27.785875  14.746170  0.000000
  26.000376  15.588539  0.000000
  24.000318  19.400000  0.000000
  29.000000  14.294804  0.000000
  26.500346  14.722499  0.000000
  24.500483  16.454565  0.000000
  24.000431  17.320579  0.000000
  25.000509  15.588543  0.000000
  23.500375  18.186570  0.000000
  28.073945  13.841758  0.000000
  25.500495  14.722499  0.000000
  27.000293  13.856466  0.000000
  23.000338  19.400000  0.000000
  29.000000  13.273730  0.000000
  23.500584  16.454560  0.000000
  24.000649  15.588542  0.000000
  26.000449  13.856462  0.000000
  23.000484  17.320561  0.000000
  24.480421  14.863201  0.000000
  27.583543  13.037644  0.000000
  22.417057  18.337928  0.000000
  25.000619  13.856455  0.000000
  26.500381  12.990416  0.000000
  22.000344  19.400000  0.000000
  23.000802  15.588526  0.000000
  22.500673  16.454529  0.000000
  29.000000  12.252663  0.000000
  23.500841  14.722487  0.000000
  22.000512  17.320491  0.000000
  25.500546  12.990405  0.000000
  24.079507  13.958238  0.000000
  28.000150  12.124390  0.000000
  27.000303  12.124384  0.000000
  24.500726  12.990389  0.000000
  26.000458  12.124373  0.000000
  22.000977  15.588472  0.000000
  23.121708  13.993051  0.000000
  21.000368  19.400000  0.000000
  22.501049  14.722452  0.000000
  21.000390  18.399923  0.000000
  29.000000  11.231598  0.000000
  21.000526  17.399857  0.000000
  27.500223  11.258345  0.000000
  25.000620  12.124355  0.000000
  23.569168  13.110158  0.000000
  26.500371  11.258337  0.000000
  21.000752  16.399828  0.000000
  22.164306  13.976907  0.000000
  24.000794  12.124331  0.000000
  21.501295  14.722365  0.000000
  25.500517  11.258324  0.000000
  22.657590  13.119058  0.000000
  21.001251  15.399858  0.000000
  28.000147  10.392307  0.000000
  29.000000  10.210536  0.000000
  27.000291  10.392304  0.000000
  23.145912  12.262357  0.000000
  24.500661  11.258303  0.000000
  26.000430  10.392298  0.000000
  21.185838  13.783087  0.000000
  20.554751  14.546853  0.000000
  23.500803  11.258269  0.000000
  20.001740  15.399912  0.000000
  21.642040  12.853969  0.000000
  25.000558  10.392288  0.000000
  27.583537  9.470147  0.000000
  26.500359  9.526279  0.000000
  29.000000  9.189464  0.000000
  24.000664  10.392273  0.000000
  22.001164  11.699971  0.000000
  20.841727  12.844775  0.000000
  25.500491  9.526280  0.000000
  20.202953  13.613257  0.000000
  19.568775  14.385588  0.000000
  19.002138  15.399936  0.000000
  28.000148  8.660238  0.000000
  23.000725  10.392277  0.000000
  24.500603  9.526282  0.000000
  27.000294  8.660242  0.000000
  21.001565  11.699833  0.000000
  26.000436  8.660249  0.000000
  22.000811  10.700012  0.000000
  29.000000  8.168401  0.000000
  23.417356  9.555240  0.000000
  19.216891  13.449711  0.000000
  25.000570  8.660261  0.000000
  19.688450  12.636801  0.000000
  27.583543  7.856569  0.000000
  18.582541  14.222601  0.000000
  18.002511  15.399955  0.000000
  20.001896  11.699750  0.000000
  24.000687  8.660280  0.000000
  26.500377  7.794216  0.000000
  22.000709  9.699983  0.000000
  25.500530  7.794230  0.000000
  29.000000  7.147335  0.000000
  18.865006  12.513666  0.000000
  23.000775  8.660289  0.000000
  18.230628  13.286566  0.000000
  24.500686  7.794251  0.000000
  17.620871  14.231941  0.000000
  28.000152  6.928163  0.000000
  19.002206  11.699708  0.000000
  27.000306  6.928168  0.000000
  17.002870  15.399980  0.000000
  22.000813  8.699949  0.000000
  26.000465  6.928177  0.000000
  23.500850  7.794273  0.000000
  25.000635  6.928193  0.000000
  29.000000  6.126268  0.000000
  17.285299  12.969774  0.000000
  27.500225  6.062129  0.000000
  18.002518  11.699706  0.000000
  24.000822  6.928212  0.000000
  16.621420  14.112781  0.000000
  26.500381  6.062134  0.000000
  16.003219  15.400007  0.000000
  22.001166  7.700021  0.000000
  25.500548  6.062142  0.000000
  23.001037  6.928226  0.000000
  24.500731  6.062154  0.000000
  21.001592  7.700169  0.000000
  28.000143  5.196084  0.000000
  17.002841  11.699727  0.000000
  16.258090  12.960384  0.000000
  29.000000  5.105196  0.000000
  27.000289  5.196085  0.000000
  23.500938  6.062169  0.000000
  22.001289  6.736188  0.000000
  26.000443  5.196087  0.000000
  15.623751  13.733326  0.000000
  15.003557  15.400028  0.000000
  25.000609  5.196091  0.000000
  20.001921  7.700257  0.000000
  21.168189  6.864891  0.000000
  22.501171  6.062194  0.000000
  14.989404  14.506261  0.000000
  24.000794  5.196099  0.000000
  16.003175  11.699758  0.000000
  27.583518  4.289066  0.000000
  15.271818  12.797299  0.000000
  26.500336  4.330054  0.000000
  20.229436  6.880014  0.000000
  21.501424  6.062251  0.000000
  29.000000  4.084135  0.000000
  19.002226  7.700299  0.000000
  23.001004  5.196121  0.000000
  25.500479  4.330052  0.000000
  14.637476  13.570235  0.000000
  14.003892  15.400030  0.000000
  24.500632  4.330052  0.000000
  20.501705  6.062327  0.000000
  14.003132  14.343147  0.000000
  22.001243  5.196175  0.000000
  19.206742  6.888976  0.000000
  28.073921  3.497064  0.000000
  15.003519  11.699799  0.000000
  23.500801  4.330062  0.000000
  18.002535  7.700300  0.000000
  27.000238  3.464022  0.000000
  14.285548  12.634224  0.000000
  21.001515  5.303442  0.000000
  26.000358  3.464018  0.000000
  29.000000  3.063086  0.000000
  19.502020  6.062374  0.000000
  25.000481  3.464013  0.000000
  13.651186  13.407138  0.000000
  13.004247  15.399990  0.000000
  22.417669  4.275082  0.000000
  18.002533  6.928454  0.000000
  24.000607  3.464013  0.000000
  17.002854  7.700283  0.000000
  20.001811  5.196302  0.000000
  27.785837  2.585020  0.000000
  14.003886  11.699862  0.000000
  12.880342  14.312337  0.000000
  18.502354  6.062382  0.000000
  26.500258  2.598008  0.000000
  12.005580  19.400000  0.000000
  23.000738  3.464030  0.000000
  12.005550  18.399926  0.000000
  12.005423  17.399849  0.000000
  25.500356  2.598002  0.000000
  13.299272  12.471169  0.000000
  12.005191  16.399815  0.000000
  21.001280  4.000133  0.000000
  29.000000  2.042045  0.000000
  19.002161  5.196301  0.000000
  24.500450  2.597997  0.000000
  21.967554  3.480844  0.000000
  12.664853  13.244020  0.000000
  12.004683  15.399879  0.000000
  16.003185  7.700253  0.000000
  17.502696  6.062367  0.000000
  23.500535  2.598004  0.000000
  28.000093  1.731995  0.000000
  16.503033  6.834182  0.000000
  13.004340  11.699963  0.000000
  27.000181  1.731996  0.000000
  20.001737  4.000079  0.000000
  11.954003  14.079894  0.000000
  11.186078  17.917335  0.000000
  26.000264  1.731993  0.000000
  18.002515  5.196288  0.000000
  22.417295  2.665024  0.000000
  11.005607  19.400000  0.000000
  25.000337  1.731988  0.000000
  11.114208  16.498669  0.000000
  12.312943  12.308034  0.000000
  13.004725  10.700016  0.000000
  15.003534  7.700214  0.000000
  21.000748  3.000187  0.000000
  15.583214  7.013750  0.000000
  11.087523  15.706478  0.000000
  11.315288  14.720758  0.000000
  24.000398  1.731988  0.000000
  19.002136  4.000066  0.000000
  29.000000  1.020997  0.000000
  16.503039  5.870277  0.000000
  11.678494  13.080906  0.000000
  27.583446  0.891831  0.000000
  10.445571  18.458625  0.000000
  17.002866  5.196265  0.000000
  10.479829  17.271594  0.000000
  23.000439  1.732006  0.000000
  26.500199  0.866000  0.000000
  13.004797  9.699995  0.000000
  12.086955  11.353654  0.000000
  11.044105  13.853817  0.000000
  15.651811  6.139136  0.000000
  25.500266  0.865998  0.000000
  18.002512  4.000051  0.000000
  10.005613  19.400000  0.000000
  22.000457  1.732070  0.000000
  14.003909  7.700163  0.000000
  14.777315  6.742319  0.000000
  24.500318  0.865996  0.000000
  11.326578  12.144919  0.000000
  10.127625  16.335637  0.000000
  21.000530  2.000160  0.000000
  10.409765  14.626742  0.000000
  13.004702  8.699966  0.000000
  23.500353  0.866001  0.000000
  12.243830  9.663277  0.000000
  29.000000  -0.000049  0.000000
  28.000079  0.000000  0.000000
  10.692110  12.917818  0.000000
  15.973006  4.944379  0.000000
  9.550642  18.304221  0.000000
  27.000155  0.000000  0.000000
  17.002874  4.000030  0.000000
  11.609247  10.436103  0.000000
  26.000223  0.000000  0.000000
  9.775446  15.399654  0.000000
  9.493244  17.108519  0.000000
  22.417042  0.888345  0.000000
  10.057705  13.690742  0.000000
  10.974672  11.208955  0.000000
  25.000279  0.000000  0.000000
  13.004331  7.700059  0.000000
  13.777742  6.495655  0.000000
  9.005636  19.400000  0.000000
  24.000317  0.000000  0.000000
  14.643685  5.404996  0.000000
  21.000388  1.000079  0.000000
  10.340161  11.981837  0.000000
  9.141094  16.172551  0.000000
  16.003225  4.000005  0.000000
  11.891711  8.727357  0.000000
  9.423333  14.463655  0.000000
  8.785695  17.722091  0.000000
  23.000335  0.000000  0.000000
  11.257246  9.500176  0.000000
  9.705706  12.754739  0.000000
  8.505633  18.533998  0.000000
  10.622724  10.273017  0.000000
  22.000341  0.000000  0.000000
  8.788967  15.236552  0.000000
  8.506692  16.945416  0.000000
  9.988206  11.045875  0.000000
  9.071289  13.527655  0.000000
  15.003565  3.999986  0.000000
  12.808270  6.245646  0.000000
  12.173913  7.018515  0.000000
  11.619286  7.748985  0.000000
  21.000366  0.000000  0.000000
  8.005679  19.400000  0.000000
  13.451840  5.228184  0.000000
  9.353721  11.818757  0.000000
  10.905175  8.564237  0.000000
  8.154579  16.009440  0.000000
  8.436892  14.300555  0.000000
  7.872247  17.718269  0.000000
  10.270716  9.337068  0.000000
  8.719270  12.591662  0.000000
  9.636226  10.109922  0.000000
  14.003901  3.999992  0.000000
  7.505693  18.533996  0.000000
  7.802495  15.073441  0.000000
  7.520159  16.782302  0.000000
  11.821915  6.082530  0.000000
  9.001738  10.882787  0.000000
  8.084843  13.364557  0.000000
  11.187517  6.855404  0.000000
  12.426817  5.117199  0.000000
  10.553114  7.628261  0.000000
  7.005742  19.400000  0.000000
  9.918691  8.401107  0.000000
  8.367268  11.655667  0.000000
  7.168073  15.846323  0.000000
  7.450428  14.137446  0.000000
  6.885709  17.555155  0.000000
  13.004255  4.000028  0.000000
  9.284220  9.173953  0.000000
  7.732819  12.428565  0.000000
  8.649745  9.946820  0.000000
  11.469998  5.146531  0.000000
  10.835539  5.919387  0.000000
  6.816011  14.910325  0.000000
  6.533640  16.619184  0.000000
  10.201103  6.692261  0.000000
  8.015271  10.719689  0.000000
  7.098384  13.201452  0.000000
  6.251236  18.328015  0.000000
  9.566667  7.465121  0.000000
  12.004686  4.000115  0.000000
  8.932218  8.237977  0.000000
  6.005822  19.400000  0.000000
  7.380809  11.492568  0.000000
  6.181583  15.683204  0.000000
  8.297753  9.010846  0.000000
  6.463955  13.974334  0.000000
  5.899186  17.392039  0.000000
  6.746358  12.265461  0.000000
  7.663283  9.783711  0.000000
  11.118182  4.210516  0.000000
  10.483637  4.983365  0.000000
  9.849148  5.756235  0.000000
  9.214682  6.529116  0.000000
  5.414354  18.324901  0.000000
  12.005195  3.000197  0.000000
  5.829524  14.747218  0.000000
  5.547140  16.456066  0.000000
  7.028814  10.556585  0.000000
  8.580220  7.301985  0.000000
  6.111916  13.038342  0.000000
  7.945756  8.074851  0.000000
  5.005915  19.400000  0.000000
  6.394354  11.329473  0.000000
  7.311286  8.847729  0.000000
  5.195086  15.520086  0.000000
  10.960395  3.305485  0.000000
  5.477478  13.811219  0.000000
  4.912683  17.228924  0.000000
  12.005438  2.000153  0.000000
  10.131802  4.047337  0.000000
  9.497246  4.820213  0.000000
  5.759891  12.102352  0.000000
  6.676815  9.620600  0.000000
  8.862737  5.593104  0.000000
  8.228250  6.365982  0.000000
  11.268210  2.430752  0.000000
  4.411273  18.200429  0.000000
  4.843037  14.584102  0.000000
  4.560637  16.292949  0.000000
  6.042347  10.393476  0.000000
  7.593772  7.138857  0.000000
  5.125443  12.875230  0.000000
  6.959296  7.911730  0.000000
  5.407885  11.166363  0.000000
  4.006019  19.400000  0.000000
  12.005554  1.000075  0.000000
  6.324820  8.684613  0.000000
  4.208592  15.356970  0.000000
  4.490997  13.648105  0.000000
  3.926178  17.065820  0.000000
  9.779987  3.111339  0.000000
  9.145383  3.884206  0.000000
  10.414648  2.338489  0.000000
  8.510832  4.657086  0.000000
  11.149226  1.540483  0.000000
  7.876304  5.429978  0.000000
  5.690347  9.457488  0.000000
  4.773428  11.939241  0.000000
  7.241806  6.202859  0.000000
  6.607318  6.975737  0.000000
  3.856549  14.420987  0.000000
  3.574139  16.129835  0.000000
  5.055877  10.230365  0.000000
  3.352086  17.942909  0.000000
  4.138974  12.712117  0.000000
  12.005585  0.000000  0.000000
  5.972834  7.748623  0.000000
  4.421412  11.003252  0.000000
  3.006129  19.400000  0.000000
  5.338353  8.521500  0.000000
  8.793503  2.948220  0.000000
  9.428113  2.175355  0.000000
  8.158927  3.721092  0.000000
  3.222099  15.193856  0.000000
  7.524385  4.493972  0.000000
  10.179922  1.215623  0.000000
  3.504523  13.485002  0.000000
  2.939679  16.902708  0.000000
  6.889866  5.266863  0.000000
  4.703877  9.294376  0.000000
  3.786951  11.776129  0.000000
  2.657233  18.611541  0.000000
  6.255362  6.039744  0.000000
  11.005612  0.000000  0.000000
  5.620867  6.812623  0.000000
  4.069404  10.067263  0.000000
  2.870061  14.257875  0.000000
  2.587644  15.966724  0.000000
  3.152493  12.549006  0.000000
  2.305212  17.675571  0.000000
  4.986378  7.585510  0.000000
  8.441586  2.012254  0.000000
  7.807011  2.785115  0.000000
  3.434935  10.840140  0.000000
  7.172456  3.557987  0.000000
  9.191761  1.079919  0.000000
  2.006244  19.400000  0.000000
  4.351884  8.358387  0.000000
  6.537922  4.330875  0.000000
  2.235607  15.030747  0.000000
  10.005617  0.000000  0.000000
  5.903405  5.103754  0.000000
  2.518037  13.321892  0.000000
  1.953184  16.739601  0.000000
  3.717403  9.131264  0.000000
  5.268899  5.876633  0.000000
  2.800471  11.613018  0.000000
  1.670739  18.448433  0.000000
  4.634401  6.649511  0.000000
  3.082927  9.904151  0.000000
  1.883582  14.094769  0.000000
  3.999909  7.422398  0.000000
  2.166009  12.385897  0.000000
  1.499782  15.749510  0.000000
  7.455066  1.849151  0.000000
  8.089626  1.076288  0.000000
  6.820514  2.622015  0.000000
  9.005641  0.000000  0.000000
  6.185976  3.394886  0.000000
  1.151469  17.529498  0.000000
  2.448456  10.677029  0.000000
  5.551450  4.167771  0.000000
  3.365421  8.195275  0.000000
  1.006365  19.400000  0.000000
  4.916936  4.940648  0.000000
  0.966691  16.576501  0.000000
  1.441763  13.205127  0.000000
  4.282430  5.713525  0.000000
  2.730937  8.968152  0.000000
  1.088142  14.736228  0.000000
  1.813988  11.449909  0.000000
  3.647930  6.486411  0.000000
  6.578855  1.803509  0.000000
  8.005687  0.000000  0.000000
  2.096458  9.741039  0.000000
  0.897093  13.931669  0.000000
  7.103097  0.913185  0.000000
  3.013435  7.259286  0.000000
  5.834018  2.458916  0.000000
  1.179524  12.222802  0.000000
  5.199491  3.231785  0.000000
  4.564973  4.004667  0.000000
  1.461974  10.513919  0.000000
  2.378945  8.032161  0.000000
  0.006484  19.400000  0.000000
  0.006480  18.378973  0.000000
  3.930461  4.777541  0.000000
  0.006465  17.357933  0.000000
  0.006443  16.336899  0.000000
  3.295956  5.550415  0.000000
  1.744458  8.805048  0.000000
  0.006415  15.315857  0.000000
  0.827503  11.286803  0.000000
  7.005751  0.000000  0.000000
  2.661455  6.323298  0.000000
  0.006386  14.294808  0.000000
  1.109977  9.577926  0.000000
  5.681562  1.174286  0.000000
  0.006358  13.273740  0.000000
  2.026958  7.096171  0.000000
  4.906682  2.088616  0.000000
  4.213014  3.068692  0.000000
  3.578502  3.841563  0.000000
  0.006336  12.252678  0.000000
  2.943983  4.614433  0.000000
  6.005830  0.000000  0.000000
  0.851905  8.721973  0.000000
  0.006320  11.231610  0.000000
  2.309478  5.387303  0.000000
  1.150767  7.843443  0.000000
  1.674977  6.160183  0.000000
  0.006311  10.210539  0.000000
  3.506033  2.598049  0.000000
  3.940645  1.869905  0.000000
  1.040480  6.933051  0.000000
  4.505965  0.866016  0.000000
  2.592019  3.678454  0.000000
  0.006312  9.189457  0.000000
  5.005922  0.000000  0.000000
  1.957513  4.451320  0.000000
  0.006321  8.168386  0.000000
  1.154290  5.253082  0.000000
  3.006115  1.732028  0.000000
  0.006338  7.147319  0.000000
  3.506073  0.866018  0.000000
  2.240041  2.742479  0.000000
  4.006025  0.000000  0.000000
  1.503430  3.467150  0.000000
  0.971032  4.288199  0.000000
  0.006361  6.126257  0.000000
  2.006233  1.732027  0.000000
  0.006389  5.105190  0.000000
  2.506187  0.866018  0.000000
  3.006135  0.000000  0.000000
  1.128164  2.463144  0.000000
  0.006418  4.084141  0.000000
  1.006354  1.732022  0.000000
  1.422985  0.891847  0.000000
  2.006250  0.000000  0.000000
  0.006447  3.063100  0.000000
  0.006470  2.042065  0.000000
  1.006370  0.000000  0.000000
  0.006486  1.021026  0.000000
  0.006490  0.000000  0.000000

CELLS  966  3864
  3  551  549  550
  3  284  280  258
  3  254  283  270
  3  193  214  218
  3  258  280  252
  3  284  258  264
  3  270  283  296
  3  218  214  234
  3  252  280  274
  3  264  258  237
  3  296  283  308
  3  234  214  232
  3  252  274  247
  3  237  258  228
  3  296  308  319
  3  247  274  271
  3  252  247  224
  3  228  258  252
  3  319  308  328
  3  247  271  242
  3  224  247  220
  3  228  252  224
  3  242  271  267
  3  247  242  220
  3  228  224  204
  3  242  267  239
  3  220  242  217
  3  204  224  199
  3  228  204  210
  3  217  242  239
  3  220  217  195
  3  199  224  220
  3  210  204  187
  3  195  208  185
  3  220  195  199
  3  187  204  184
  3  199  195  181
  3  184  204  199
  3  187  184  169
  3  181  195  177
  3  199  181  184
  3  169  184  163
  3  187  169  172
  3  177  195  185
  3  184  181  163
  3  172  169  154
  3  163  181  161
  3  154  169  151
  3  172  154  159
  3  161  181  177
  3  163  161  148
  3  151  169  163
  3  159  154  142
  3  148  161  144
  3  163  148  151
  3  142  154  140
  3  159  142  149
  3  144  161  166
  3  151  148  137
  3  140  154  151
  3  149  142  135
  3  137  148  133
  3  151  137  140
  3  135  142  130
  3  149  135  141
  3  133  148  144
  3  140  137  128
  3  130  142  140
  3  141  135  129
  3  128  137  125
  3  140  128  130
  3  129  135  121
  3  141  129  139
  3  125  137  133
  3  130  128  116
  3  121  135  130
  3  125  133  123
  3  116  128  114
  3  130  116  121
  3  123  133  131
  3  125  123  109
  3  114  128  125
  3  121  116  107
  3  109  123  104
  3  125  109  114
  3  107  116  102
  3  121  107  113
  3  114  109  100
  3  102  116  114
  3  113  107  99
  3  121  113  129
  3  100  109  97
  3  102  114  100
  3  99  107  93
  3  129  113  119
  3  97  109  104
  3  102  100  88
  3  93  107  102
  3  119  113  105
  3  88  100  87
  3  102  88  93
  3  105  113  99
  3  119  105  115
  3  87  100  97
  3  93  88  80
  3  87  97  89
  3  80  88  77
  3  93  80  86
  3  77  88  87
  3  80  77  67
  3  86  80  72
  3  77  87  75
  3  67  77  64
  3  72  80  67
  3  86  72  79
  3  75  87  89
  3  64  77  75
  3  79  72  65
  3  86  79  90
  3  64  75  62
  3  65  72  56
  3  90  79  83
  3  86  90  99
  3  56  72  67
  3  65  56  51
  3  83  79  70
  3  99  90  105
  3  51  56  44
  3  65  51  55
  3  70  79  65
  3  105  90  98
  3  44  56  54
  3  55  51  43
  3  98  90  83
  3  105  98  115
  3  54  56  67
  3  43  51  38
  3  54  67  64
  3  38  51  44
  3  43  38  32
  3  54  64  53
  3  38  44  33
  3  32  38  26
  3  53  64  62
  3  33  44  41
  3  26  38  33
  3  32  26  23
  3  41  44  54
  3  33  41  31
  3  23  26  18
  3  32  23  29
  3  31  41  35
  3  33  31  22
  3  18  26  22
  3  29  23  20
  3  22  31  25
  3  22  26  33
  3  29  20  27
  3  27  20  19
  3  29  27  37
  3  19  20  12
  3  37  27  36
  3  12  20  14
  3  19  12  13
  3  36  27  28
  3  14  20  23
  3  13  12  7
  3  28  27  19
  3  7  12  8
  3  13  7  9
  3  8  12  14
  3  7  8  3
  3  8  14  11
  3  3  8  6
  3  11  14  18
  3  8  11  6
  3  18  14  23
  3  6  11  10
  3  28  19  21
  3  21  19  13
  3  28  21  30
  3  21  13  16
  3  30  21  24
  3  28  30  39
  3  39  30  42
  3  28  39  36
  3  42  30  34
  3  39  42  50
  3  36  39  47
  3  50  42  61
  3  39  50  47
  3  36  47  46
  3  47  50  68
  3  46  47  57
  3  36  46  37
  3  57  47  68
  3  46  57  60
  3  37  46  49
  3  60  57  71
  3  46  60  49
  3  71  57  74
  3  71  74  82
  3  82  74  84
  3  71  82  81
  3  81  82  94
  3  71  81  69
  3  94  82  95
  3  81  94  92
  3  69  81  85
  3  71  69  60
  3  60  69  58
  3  58  69  73
  3  60  58  49
  3  49  58  52
  3  52  58  66
  3  49  52  40
  3  73  69  85
  3  73  85  91
  3  58  73  66
  3  66  73  78
  3  78  73  91
  3  66  78  70
  3  70  78  83
  3  52  66  55
  3  55  66  70
  3  40  52  43
  3  43  52  55
  3  49  40  37
  3  37  40  29
  3  29  40  32
  3  95  82  84
  3  92  94  108
  3  85  81  92
  3  94  95  106
  3  55  70  65
  3  108  94  106
  3  106  95  110
  3  110  95  96
  3  106  110  120
  3  120  110  122
  3  106  120  118
  3  122  110  111
  3  120  122  132
  3  118  120  134
  3  132  122  136
  3  120  132  134
  3  136  122  126
  3  132  136  146
  3  146  136  152
  3  132  146  145
  3  152  136  138
  3  146  152  162
  3  162  152  170
  3  146  162  160
  3  170  152  158
  3  162  170  182
  3  158  152  138
  3  170  158  174
  3  182  170  188
  3  162  182  178
  3  174  158  171
  3  170  174  188
  3  188  174  197
  3  197  174  189
  3  188  197  212
  3  212  197  222
  3  188  212  205
  3  222  197  213
  3  212  222  241
  3  205  212  230
  3  188  205  182
  3  241  222  250
  3  212  241  230
  3  182  205  196
  3  182  196  178
  3  241  250  268
  3  230  241  259
  3  268  250  278
  3  241  268  259
  3  278  250  262
  3  268  278  295
  3  259  268  287
  3  262  250  236
  3  295  278  302
  3  259  287  279
  3  236  250  222
  3  302  278  291
  3  279  287  301
  3  236  222  213
  3  236  213  235
  3  235  213  206
  3  236  235  262
  3  291  278  262
  3  301  287  310
  3  291  262  275
  3  310  287  295
  3  275  262  235
  3  295  287  268
  3  301  310  323
  3  323  310  330
  3  301  323  317
  3  330  310  316
  3  323  330  343
  3  317  323  337
  3  316  310  295
  3  323  343  337
  3  316  295  302
  3  337  343  356
  3  316  302  324
  3  356  343  365
  3  324  302  313
  3  316  324  336
  3  365  343  350
  3  313  302  291
  3  336  324  344
  3  350  343  330
  3  344  324  332
  3  336  344  355
  3  332  324  313
  3  344  332  353
  3  355  344  367
  3  353  332  340
  3  344  353  367
  3  340  332  320
  3  367  353  374
  3  320  332  313
  3  340  320  331
  3  374  353  363
  3  331  320  312
  3  340  331  351
  3  363  353  340
  3  312  320  299
  3  351  331  341
  3  363  340  351
  3  299  320  313
  3  341  331  321
  3  299  313  291
  3  321  331  312
  3  299  291  275
  3  321  312  300
  3  300  312  288
  3  321  300  314
  3  288  312  299
  3  314  300  292
  3  288  299  275
  3  292  300  276
  3  288  275  260
  3  276  300  288
  3  260  275  235
  3  288  260  276
  3  276  260  245
  3  245  260  229
  3  276  245  270
  3  229  260  235
  3  229  235  206
  3  229  206  203
  3  301  317  297
  3  297  317  315
  3  301  297  279
  3  315  317  335
  3  279  297  273
  3  335  317  337
  3  273  297  294
  3  335  337  352
  3  294  297  315
  3  352  337  356
  3  335  352  348
  3  352  356  371
  3  348  352  368
  3  371  356  380
  3  352  371  368
  3  380  356  365
  3  368  371  390
  3  380  365  387
  3  390  371  394
  3  387  365  370
  3  380  387  404
  3  394  371  380
  3  370  365  350
  3  404  387  410
  3  370  350  355
  3  410  387  391
  3  355  350  336
  3  370  355  379
  3  391  387  370
  3  336  350  330
  3  370  379  391
  3  391  379  405
  3  405  379  389
  3  391  405  415
  3  389  379  367
  3  405  389  412
  3  415  405  428
  3  367  379  355
  3  412  389  396
  3  428  405  412
  3  396  389  374
  3  428  412  436
  3  374  389  367
  3  396  374  385
  3  436  412  424
  3  385  374  363
  3  424  412  396
  3  385  363  372
  3  424  396  408
  3  372  363  351
  3  408  396  385
  3  372  351  364
  3  408  385  395
  3  364  351  341
  3  395  385  372
  3  364  341  354
  3  395  372  386
  3  354  341  333
  3  364  354  375
  3  386  372  364
  3  333  341  321
  3  375  354  361
  3  333  321  314
  3  361  354  345
  3  333  314  319
  3  319  314  296
  3  345  354  333
  3  361  345  349
  3  345  333  319
  3  294  315  311
  3  311  315  329
  3  294  311  290
  3  329  315  335
  3  290  311  306
  3  294  290  265
  3  329  335  348
  3  306  311  327
  3  265  290  263
  3  329  348  346
  3  327  311  329
  3  346  348  366
  3  329  346  327
  3  366  348  368
  3  346  366  360
  3  327  346  342
  3  360  366  382
  3  346  360  342
  3  382  366  388
  3  342  360  359
  3  388  366  368
  3  382  388  406
  3  359  360  381
  3  406  388  407
  3  382  406  403
  3  381  360  382
  3  407  388  390
  3  403  406  426
  3  381  382  403
  3  390  388  368
  3  426  406  430
  3  381  403  401
  3  430  406  407
  3  401  403  422
  3  381  401  378
  3  430  407  432
  3  422  403  426
  3  378  401  399
  3  432  407  414
  3  422  426  446
  3  399  401  420
  3  414  407  390
  3  446  426  449
  3  420  401  422
  3  449  426  430
  3  446  449  469
  3  449  430  453
  3  469  449  472
  3  446  469  466
  3  453  430  432
  3  472  449  453
  3  466  469  488
  3  472  453  475
  3  488  469  489
  3  466  488  486
  3  475  453  456
  3  489  469  472
  3  486  488  508
  3  456  453  432
  3  489  472  494
  3  508  488  509
  3  456  432  438
  3  494  472  475
  3  509  488  489
  3  438  432  414
  3  494  475  497
  3  509  489  510
  3  438  414  417
  3  497  475  479
  3  510  489  494
  3  417  414  394
  3  479  475  456
  3  394  414  390
  3  417  394  404
  3  404  394  380
  3  417  404  427
  3  427  404  410
  3  417  427  445
  3  427  410  433
  3  445  427  452
  3  433  410  415
  3  427  433  452
  3  415  410  391
  3  452  433  457
  3  457  433  441
  3  452  457  476
  3  441  433  415
  3  457  441  468
  3  476  457  482
  3  468  441  454
  3  457  468  482
  3  454  441  428
  3  482  468  490
  3  428  441  415
  3  454  428  436
  3  490  468  478
  3  454  436  460
  3  478  468  454
  3  490  478  500
  3  460  436  450
  3  500  478  487
  3  490  500  519
  3  450  436  424
  3  487  478  460
  3  450  424  434
  3  460  478  454
  3  434  424  408
  3  450  434  458
  3  434  408  421
  3  458  434  447
  3  421  408  395
  3  447  434  421
  3  421  395  409
  3  447  421  435
  3  409  395  386
  3  435  421  409
  3  409  386  397
  3  397  386  375
  3  409  397  425
  3  375  386  364
  3  425  397  411
  3  409  425  435
  3  411  397  384
  3  435  425  451
  3  384  397  375
  3  451  425  437
  3  384  375  361
  3  437  425  411
  3  384  361  369
  3  437  411  429
  3  429  411  392
  3  437  429  455
  3  455  429  444
  3  437  455  467
  3  467  455  493
  3  437  467  451
  3  451  467  473
  3  473  467  495
  3  451  473  461
  3  461  473  499
  3  451  461  435
  3  435  461  447
  3  447  461  477
  3  477  461  499
  3  447  477  458
  3  458  477  483
  3  483  477  503
  3  483  503  506
  3  458  483  474
  3  474  483  506
  3  458  474  450
  3  450  474  460
  3  460  474  487
  3  487  474  506
  3  336  330  316
  3  399  420  418
  3  399  418  398
  3  398  418  419
  3  419  418  439
  3  398  419  400
  3  439  418  440
  3  400  419  423
  3  440  418  420
  3  423  419  443
  3  400  423  402
  3  443  419  439
  3  423  443  448
  3  402  423  431
  3  443  439  463
  3  463  439  462
  3  443  463  465
  3  462  439  440
  3  463  462  484
  3  462  440  464
  3  484  462  480
  3  464  440  442
  3  462  464  480
  3  442  440  420
  3  480  464  486
  3  442  420  422
  3  486  464  466
  3  442  422  446
  3  466  464  442
  3  442  446  466
  3  494  497  512
  3  512  497  516
  3  494  512  510
  3  516  497  502
  3  510  512  524
  3  502  497  479
  3  524  512  527
  3  502  479  485
  3  527  512  516
  3  524  527  535
  3  485  479  459
  3  535  527  536
  3  524  535  533
  3  459  479  456
  3  536  527  529
  3  533  535  542
  3  459  456  438
  3  529  527  516
  3  542  535  547
  3  529  516  518
  3  518  516  502
  3  529  518  537
  3  518  502  507
  3  507  502  485
  3  518  507  522
  3  507  485  491
  3  522  507  517
  3  518  522  537
  3  491  485  470
  3  517  507  491
  3  470  485  459
  3  491  470  476
  3  470  459  445
  3  476  470  452
  3  491  476  498
  3  445  459  438
  3  452  470  445
  3  491  498  517
  3  445  438  417
  3  398  400  373
  3  373  400  383
  3  398  373  377
  3  383  400  402
  3  373  383  362
  3  362  383  376
  3  376  383  402
  3  377  373  357
  3  357  373  347
  3  377  357  358
  3  358  357  338
  3  377  358  378
  3  338  357  347
  3  347  373  362
  3  358  338  339
  3  378  358  359
  3  339  338  322
  3  358  339  359
  3  322  338  326
  3  359  339  342
  3  326  338  347
  3  322  326  304
  3  342  339  325
  3  304  326  309
  3  325  339  322
  3  342  325  327
  3  309  326  334
  3  325  322  305
  3  327  325  306
  3  305  322  304
  3  325  305  306
  3  305  304  281
  3  306  305  281
  3  535  536  547
  3  522  517  531
  3  347  334  326
  3  178  160  162
  3  398  377  399
  3  399  377  378
  3  68  74  57
  3  159  149  168
  3  168  149  157
  3  159  168  179
  3  157  149  141
  3  168  157  175
  3  179  168  190
  3  157  141  150
  3  168  175  190
  3  150  141  139
  3  150  139  156
  3  157  150  165
  3  190  175  207
  3  165  150  156
  3  157  165  175
  3  156  139  143
  3  156  143  164
  3  165  156  173
  3  175  165  183
  3  173  156  164
  3  165  173  183
  3  164  143  155
  3  164  155  176
  3  173  164  186
  3  183  173  194
  3  186  164  176
  3  173  186  194
  3  183  194  207
  3  176  155  167
  3  176  167  191
  3  194  186  209
  3  209  186  198
  3  194  209  221
  3  198  186  176
  3  209  198  225
  3  198  176  191
  3  225  198  215
  3  209  225  238
  3  191  167  180
  3  191  180  193
  3  198  191  215
  3  215  191  218
  3  159  179  172
  3  172  179  192
  3  192  179  201
  3  172  192  187
  3  201  179  190
  3  192  201  216
  3  187  192  210
  3  201  190  211
  3  216  201  226
  3  210  192  216
  3  211  190  207
  3  201  211  226
  3  210  216  237
  3  226  211  233
  3  237  216  246
  3  210  237  228
  3  246  216  226
  3  237  246  264
  3  246  226  255
  3  264  246  277
  3  255  226  233
  3  246  255  277
  3  277  255  286
  3  175  183  207
  3  225  215  244
  3  244  215  240
  3  225  244  253
  3  240  215  218
  3  240  218  251
  3  264  277  293
  3  293  277  298
  3  264  293  284
  3  298  277  286
  3  244  240  269
  3  269  240  251
  3  244  269  272
  3  251  218  234
  3  251  234  257
  3  257  234  232
  3  251  257  285
  3  285  282  309
  3  251  285  269
  3  481  465  463
  3  444  471  455
  3  482  490  504
  3  504  490  519
  3  482  504  498
  3  498  504  514
  3  482  498  476
  3  514  504  525
  3  514  525  528
  3  514  528  517
  3  498  514  517
  3  9  16  13
  3  270  296  292
  3  292  296  314
  3  270  292  276
  3  221  207  194
  3  103  115  98
  3  500  487  511
  3  171  189  174
  3  86  99  93
  3  534  526  523
  3  523  526  505
  3  534  523  532
  3  505  526  513
  3  523  505  508
  3  532  523  521
  3  534  532  541
  3  505  513  484
  3  521  523  508
  3  532  521  530
  3  541  532  540
  3  530  521  520
  3  532  530  540
  3  541  540  546
  3  530  520  533
  3  540  530  538
  3  538  530  533
  3  540  538  545
  3  545  538  544
  3  540  545  546
  3  544  538  542
  3  544  542  548
  3  545  544  550
  3  546  545  549
  3  549  545  550
  3  520  521  509
  3  349  369  361
  3  290  306  281
  3  267  266  239
  3  254  270  243
  3  243  270  245
  3  254  243  227
  3  227  223  202
  3  289  272  269
  3  124  112  108
  3  108  112  92
  3  111  126  122
  3  129  119  139
  3  413  393  431
  3  248  231  265
  3  248  265  263
  3  45  59  61
  3  286  307  298
  3  381  378  359
  3  203  202  223
  3  223  227  243
  3  223  243  245
  3  223  245  229
  3  203  223  229
  3  205  230  219
  3  219  230  249
  3  205  219  196
  3  249  230  259
  3  219  249  231
  3  7  3  4
  3  232  256  257
  3  533  542  538
  3  318  303  285
  3  145  134  132
  3  84  96  95
  3  448  431  423
  3  281  263  290
  3  411  384  392
  3  24  34  30
  3  294  265  273
  3  273  265  231
  3  233  261  255
  3  127  139  119
  3  513  501  484
  3  484  501  481
  3  392  416  429
  3  429  416  444
  3  11  18  15
  3  15  18  22
  3  11  15  10
  3  15  22  17
  3  1  4  3
  3  319  328  345
  3  508  509  521
  3  520  509  510
  3  253  238  225
  3  101  91  85
  3  138  153  158
  3  158  153  171
  3  54  53  41
  3  41  53  35
  3  61  63  50
  3  200  227  202
  3  524  533  520
  3  486  508  505
  3  334  318  309
  3  160  145  146
  3  106  118  108
  3  465  448  443
  3  471  492  493
  3  484  480  505
  3  16  24  21
  3  207  233  211
  3  115  127  119
  3  189  213  197
  3  369  392  384
  3  3  6  2
  3  0  1  2
  3  193  218  191
  3  272  253  244
  3  112  101  92
  3  304  309  282
  3  282  285  257
  3  282  257  256
  3  304  282  281
  3  126  138  136
  3  393  376  402
  3  536  529  539
  3  43  32  40
  3  256  281  282
  3  259  279  249
  3  328  349  345
  3  303  289  269
  3  134  124  118
  3  118  124  108
  3  96  111  110
  3  34  45  42
  3  161  177  166
  3  261  286  255
  3  510  524  520
  3  279  273  249
  3  4  9  7
  3  238  221  209
  3  91  103  83
  3  98  83  103
  3  133  144  131
  3  463  484  481
  3  63  68  50
  3  480  486  505
  3  85  92  101
  3  10  5  6
  3  6  5  2
  3  537  539  529
  3  104  89  97
  3  166  147  144
  3  144  147  131
  3  493  495  467
  3  548  550  544
  3  48  35  53
  3  48  53  62
  3  519  525  504
  3  208  195  217
  3  543  547  536
  3  543  536  539
  3  76  62  75
  3  76  75  89
  3  511  515  500
  3  500  515  519
  3  131  117  123
  3  25  17  22
  3  496  499  473
  3  496  473  495
  3  528  531  517
  3  239  208  217
  3  506  511  487
  3  35  25  31
  3  185  166  177
  3  547  548  542
  3  117  104  123
  3  17  10  15
  3  499  503  477
  3  531  537  522
  3  249  273  231
  3  83  78  91
  3  393  402  431
  3  455  471  493
  3  285  309  318
  3  42  45  61
  3  1  3  2
  3  269  285  303

CELL_TYPES 966
5
5
5
5
5
5
5
5
5
5
5
5
5
5
5
5
5
5
5
5
5
5
5
5
5
5
5
5
5
5
5
5
5
5
5
5
5
5
5
5
5
5
5
5
5
5
5
5
5
5
5
5
5
5
5
5
5
5
5
5
5
5
5
5
5
5
5
5
5
5
5
5
5
5
5
5
5
5
5
5
5
5
5
5
5
5
5
5
5
5
5
5
5
5
5
5
5
5
5
5
5
5
5
5
5
5
5
5
5
5
5
5
5
5
5
5
5
5
5
5
5
5
5
5
5
5
5
5
5
5
5
5
5
5
5
5
5
5
5
5
5
5
5
5
5
5
5
5
5
5
5
5
5
5
5
5
5
5
5
5
5
5
5
5
5
5
5
5
5
5
5
5
5
5
5
5
5
5
5
5
5
5
5
5
5
5
5
5
5
5
5
5
5
5
5
5
5
5
5
5
5
5
5
5
5
5
5
5
5
5
5
5
5
5
5
5
5
5
5
5
5
5
5
5
5
5
5
5
5
5
5
5
5
5
5
5
5
5
5
5
5
5
5
5
5
5
5
5
5
5
5
5
5
5
5
5
5
5
5
5
5
5
5
5
5
5
5
5
5
5
5
5
5
5
5
5
5
5
5
5
5
5
5
5
5
5
5
5
5
5
5
5
5
5
5
5
5
5
5
5
5
5
5
5
5
5
5
5
5
5
5
5
5
5
5
5
5
5
5
5
5
5
5
5
5
5
5
5
5
5
5
5
5
5
5
5
5
5
5
5
5
5
5
5
5
5
5
5
5
5
5
5
5
5
5
5
5
5
5
5
5
5
5
5
5
5
5
5
5
5
5
5
5
5
5
5
5
5
5
5
5
5
5
5
5
5
5
5
5
5
5
5
5
5
5
5
5
5
5
5
5
5
5
5
5
5
5
5
5
5
5
5
5
5
5
5
5
5
5
5
5
5
5
5
5
5
5
5
5
5
5
5
5
5
5
5
5
5
5
5
5
5
5
5
5
5
5
5
5
5
5
5
5
5
5
5
5
5
5
5
5
5
5
5
5
5
5
5
5
5
5
5
5
5
5
5
5
5
5
5
5
5
5
5
5
5
5
5
5
5
5
5
5
5
5
5
5
5
5
5
5
5
5
5
5
5
5
5
5
5
5
5
5
5
5
5
5
5
5
5
5
5
5
5
5
5
5
5
5
5
5
5
5
5
5
5
5
5
5
5
5
5
5
5
5
5
5
5
5
5
5
5
5
5
5
5
5
5
5
5
5
5
5
5
5
5
5
5
5
5
5
5
5
5
5
5
5
5
5
5
5
5
5
5
5
5
5
5
5
5
5
5
5
5
5
5
5
5
5
5
5
5
5
5
5
5
5
5
5
5
5
5
5
5
5
5
5
5
5
5
5
5
5
5
5
5
5
5
5
5
5
5
5
5
5
5
5
5
5
5
5
5
5
5
5
5
5
5
5
5
5
5
5
5
5
5
5
5
5
5
5
5
5
5
5
5
5
5
5
5
5
5
5
5
5
5
5
5
5
5
5
5
5
5
5
5
5
5
5
5
5
5
5
5
5
5
5
5
5
5
5
5
5
5
5
5
5
5
5
5
5
5
5
5
5
5
5
5
5
5
5
5
5
5
5
5
5
5
5
5
5
5
5
5
5
5
5
5
5
5
5
5
5
5
5
5
5
5
5
5
5
5
5
5
5
5
5
5
5
5
5
5
5
5
5
5
5
5
5
5
5
5
5
5
5
5
5
5
5
5
5
5
5
5
5
5
5
5
5
5
5
5
5
5
5
5
5
5
5
5
5
5
5
5
5
5
5
5
5
5
5
5
5
5
5
5
5
5
5
5
5
5
5
5
5
5
5
5
5
5
5
5
5
5
5
5
5
5
5
5
5
5
5
5
5
5
5
5
5
5
5
5
5
5
5
5
5
5
5
5
5
5
5
5
5
5
5
5
5
5
5
5
5
5
5
5
5
5
5
5
5
5
5
5
5
5
5
5
5
5
5
5
5
5
5
5
5
5
5
5
5
5
5
5
5
5
5
5
5
5
5
5
5
5
5
5
5
5
5
5
5
5
5
5
5
5
5
5
5
5
5
5
5
5
5
5
5
5
5
5
5
5
5
5
5
5
5
5
5
5
5
5
5
5
5
5
5
5
5
5
5
5
5
5
5
5

CELL_DATA 966
TENSORS strain double
  -0.000120  -0.000002  0.000000
  -0.000002  -0.000023  0.000000
  0.000000  0.000000  0.000000

  -0.000038  0.000012  0.000000
  0.000012  -0.000039  0.000000
  0.000000  0.000000  0.000000

  -0.000023  0.000019  0.000000
  0.000019  -0.000028  0.000000
  0.000000  0.000000  0.000000

  -0.000331  0.000007  0.000000
  0.000007  0.000064  0.000000
  0.000000  0.000000  0.000000

  -0.000052  0.000008  0.000000
  0.000008  -0.000038  0.000000
  0.000000  0.000000  0.000000

  -0.000035  0.000009  0.000000
  0.000009  -0.000036  0.000000
  0.000000  0.000000  0.000000

  -0.000043  0.000012  0.000000
  0.000012  -0.000030  0.000000
  0.000000  0.000000  0.000000

  -0.000342  0.000008  0.000000
  0.000008  0.000069  0.000000
  0.000000  0.000000  0.000000

  -0.000055  0.000008  0.000000
  0.000008  -0.000037  0.000000
  0.000000  0.000000  0.000000

  -0.000035  0.000034  0.000000
  0.000034  -0.000035  0.000000
  0.000000  0.000000  0.000000

  -0.000043  0.000014  0.000000
  0.000014  -0.000032  0.000000
  0.000000  0.000000  0.000000

  -0.000349  0.000011  0.000000
  0.000011  0.000068  0.000000
  0.000000  0.000000  0.000000

  -0.000067  0.000006  0.000000
  0.000006  -0.000036  0.000000
  0.000000  0.000000  0.000000

  -0.000060  0.000028  0.000000
  0.000028  -0.000032  0.000000
  0.000000  0.000000  0.000000

  -0.000060  0.000010  0.000000
  0.000010  -0.000031  0.000000
  0.000000  0.000000  0.000000

  -0.000068  0.000006  0.000000
  0.000006  -0.000034  0.000000
  0.000000  0.000000  0.000000

  -0.000067  0.000019  0.000000
  0.000019  -0.000030  0.000000
  0.000000  0.000000  0.000000

  -0.000052  0.000027  0.000000
  0.000027  -0.000033  0.000000
  0.000000  0.000000  0.000000

  -0.000063  0.000010  0.000000
  0.000010  -0.000030  0.000000
  0.000000  0.000000  0.000000

  -0.000077  0.000004  0.000000
  0.000004  -0.000033  0.000000
  0.000000  0.000000  0.000000

  -0.000083  0.000015  0.000000
  0.000015  -0.000030  0.000000
  0.000000  0.000000  0.000000

  -0.000074  0.000022  0.000000
  0.000022  -0.000032  0.000000
  0.000000  0.000000  0.000000

  -0.000076  0.000003  0.000000
  0.000003  -0.000032  0.000000
  0.000000  0.000000  0.000000

  -0.000077  0.000012  0.000000
  0.000012  -0.000029  0.000000
  0.000000  0.000000  0.000000

  -0.000074  0.000034  0.000000
  0.000034  -0.000022  0.000000
  0.000000  0.000000  0.000000

  -0.000082  -0.000005  0.000000
  -0.000005  -0.000038  0.000000
  0.000000  0.000000  0.000000

  -0.000087  0.000008  0.000000
  0.000008  -0.000031  0.000000
  0.000000  0.000000  0.000000

  -0.000098  0.000028  0.000000
  0.000028  -0.000021  0.000000
  0.000000  0.000000  0.000000

  -0.000093  0.000040  0.000000
  0.000040  -0.000021  0.000000
  0.000000  0.000000  0.000000

  -0.000083  -0.000000  0.000000
  -0.000000  -0.000024  0.000000
  0.000000  0.000000  0.000000

  -0.000087  0.000009  0.000000
  0.000009  -0.000018  0.000000
  0.000000  0.000000  0.000000

  -0.000083  0.000022  0.000000
  0.000022  -0.000019  0.000000
  0.000000  0.000000  0.000000

  -0.000093  0.000047  0.000000
  0.000047  -0.000008  0.000000
  0.000000  0.000000  0.000000

  -0.000105  -0.000000  0.000000
  -0.000000  -0.000009  0.000000
  0.000000  0.000000  0.000000

  -0.000101  0.000016  0.000000
  0.000016  -0.000020  0.000000
  0.000000  0.000000  0.000000

  -0.000123  0.000039  0.000000
  0.000039  -0.000007  0.000000
  0.000000  0.000000  0.000000

  -0.000101  0.000019  0.000000
  0.000019  -0.000008  0.000000
  0.000000  0.000000  0.000000

  -0.000098  0.000033  0.000000
  0.000033  -0.000008  0.000000
  0.000000  0.000000  0.000000

  -0.000123  0.000037  0.000000
  0.000037  0.000007  0.000000
  0.000000  0.000000  0.000000

  -0.000119  0.000011  0.000000
  0.000011  -0.000007  0.000000
  0.000000  0.000000  0.000000

  -0.000120  0.000025  0.000000
  0.000025  -0.000009  0.000000
  0.000000  0.000000  0.000000

  -0.000143  0.000029  0.000000
  0.000029  0.000006  0.000000
  0.000000  0.000000  0.000000

  -0.000154  0.000043  0.000000
  0.000043  0.000010  0.000000
  0.000000  0.000000  0.000000

  -0.000112  0.000008  0.000000
  0.000008  -0.000006  0.000000
  0.000000  0.000000  0.000000

  -0.000120  0.000024  0.000000
  0.000024  0.000005  0.000000
  0.000000  0.000000  0.000000

  -0.000154  0.000031  0.000000
  0.000031  0.000022  0.000000
  0.000000  0.000000  0.000000

  -0.000135  0.000018  0.000000
  0.000018  0.000004  0.000000
  0.000000  0.000000  0.000000

  -0.000166  0.000025  0.000000
  0.000025  0.000020  0.000000
  0.000000  0.000000  0.000000

  -0.000185  0.000036  0.000000
  0.000036  0.000027  0.000000
  0.000000  0.000000  0.000000

  -0.000119  0.000013  0.000000
  0.000013  0.000003  0.000000
  0.000000  0.000000  0.000000

  -0.000136  0.000013  0.000000
  0.000013  0.000012  0.000000
  0.000000  0.000000  0.000000

  -0.000143  0.000022  0.000000
  0.000022  0.000017  0.000000
  0.000000  0.000000  0.000000

  -0.000185  0.000013  0.000000
  0.000013  0.000033  0.000000
  0.000000  0.000000  0.000000

  -0.000146  0.000008  0.000000
  0.000008  0.000010  0.000000
  0.000000  0.000000  0.000000

  -0.000154  0.000016  0.000000
  0.000016  0.000014  0.000000
  0.000000  0.000000  0.000000

  -0.000183  0.000012  0.000000
  0.000012  0.000031  0.000000
  0.000000  0.000000  0.000000

  -0.000207  0.000016  0.000000
  0.000016  0.000037  0.000000
  0.000000  0.000000  0.000000

  -0.000131  0.000006  0.000000
  0.000006  0.000009  0.000000
  0.000000  0.000000  0.000000

  -0.000154  0.000008  0.000000
  0.000008  0.000020  0.000000
  0.000000  0.000000  0.000000

  -0.000166  0.000011  0.000000
  0.000011  0.000026  0.000000
  0.000000  0.000000  0.000000

  -0.000207  -0.000015  0.000000
  -0.000015  0.000035  0.000000
  0.000000  0.000000  0.000000

  -0.000156  0.000006  0.000000
  0.000006  0.000019  0.000000
  0.000000  0.000000  0.000000

  -0.000166  0.000009  0.000000
  0.000009  0.000024  0.000000
  0.000000  0.000000  0.000000

  -0.000187  -0.000011  0.000000
  -0.000011  0.000033  0.000000
  0.000000  0.000000  0.000000

  -0.000215  -0.000012  0.000000
  -0.000012  0.000035  0.000000
  0.000000  0.000000  0.000000

  -0.000146  0.000005  0.000000
  0.000005  0.000017  0.000000
  0.000000  0.000000  0.000000

  -0.000166  -0.000004  0.000000
  -0.000004  0.000023  0.000000
  0.000000  0.000000  0.000000

  -0.000183  -0.000008  0.000000
  -0.000008  0.000029  0.000000
  0.000000  0.000000  0.000000

  -0.000215  -0.000053  0.000000
  -0.000053  0.000027  0.000000
  0.000000  0.000000  0.000000

  -0.000160  -0.000002  0.000000
  -0.000002  0.000022  0.000000
  0.000000  0.000000  0.000000

  -0.000170  -0.000006  0.000000
  -0.000006  0.000027  0.000000
  0.000000  0.000000  0.000000

  -0.000164  -0.000042  0.000000
  -0.000042  0.000023  0.000000
  0.000000  0.000000  0.000000

  -0.000204  -0.000042  0.000000
  -0.000042  0.000011  0.000000
  0.000000  0.000000  0.000000

  -0.000156  -0.000001  0.000000
  -0.000001  0.000019  0.000000
  0.000000  0.000000  0.000000

  -0.000170  -0.000019  0.000000
  -0.000019  0.000017  0.000000
  0.000000  0.000000  0.000000

  -0.000187  -0.000034  0.000000
  -0.000034  0.000021  0.000000
  0.000000  0.000000  0.000000

  -0.000154  -0.000000  0.000000
  -0.000000  0.000019  0.000000
  0.000000  0.000000  0.000000

  -0.000153  -0.000014  0.000000
  -0.000014  0.000018  0.000000
  0.000000  0.000000  0.000000

  -0.000156  -0.000026  0.000000
  -0.000026  0.000020  0.000000
  0.000000  0.000000  0.000000

  -0.000150  0.000000  0.000000
  0.000000  0.000017  0.000000
  0.000000  0.000000  0.000000

  -0.000154  -0.000004  0.000000
  -0.000004  0.000015  0.000000
  0.000000  0.000000  0.000000

  -0.000160  -0.000009  0.000000
  -0.000009  0.000016  0.000000
  0.000000  0.000000  0.000000

  -0.000156  -0.000032  0.000000
  -0.000032  0.000001  0.000000
  0.000000  0.000000  0.000000

  -0.000150  -0.000002  0.000000
  -0.000002  0.000016  0.000000
  0.000000  0.000000  0.000000

  -0.000151  -0.000006  0.000000
  -0.000006  0.000017  0.000000
  0.000000  0.000000  0.000000

  -0.000134  -0.000022  0.000000
  -0.000022  0.000006  0.000000
  0.000000  0.000000  0.000000

  -0.000117  -0.000042  0.000000
  -0.000042  0.000000  0.000000
  0.000000  0.000000  0.000000

  -0.000151  -0.000008  0.000000
  -0.000008  0.000011  0.000000
  0.000000  0.000000  0.000000

  -0.000153  -0.000017  0.000000
  -0.000017  0.000007  0.000000
  0.000000  0.000000  0.000000

  -0.000117  -0.000024  0.000000
  -0.000024  -0.000021  0.000000
  0.000000  0.000000  0.000000

  -0.000164  -0.000058  0.000000
  -0.000058  -0.000002  0.000000
  0.000000  0.000000  0.000000

  -0.000146  -0.000005  0.000000
  -0.000005  0.000013  0.000000
  0.000000  0.000000  0.000000

  -0.000142  -0.000011  0.000000
  -0.000011  0.000011  0.000000
  0.000000  0.000000  0.000000

  -0.000113  -0.000014  0.000000
  -0.000014  -0.000012  0.000000
  0.000000  0.000000  0.000000

  -0.000088  -0.000074  0.000000
  -0.000074  -0.000009  0.000000
  0.000000  0.000000  0.000000

  -0.000150  -0.000003  0.000000
  -0.000003  0.000012  0.000000
  0.000000  0.000000  0.000000

  -0.000142  -0.000007  0.000000
  -0.000007  0.000004  0.000000
  0.000000  0.000000  0.000000

  -0.000134  -0.000013  0.000000
  -0.000013  -0.000006  0.000000
  0.000000  0.000000  0.000000

  -0.000088  -0.000034  0.000000
  -0.000034  -0.000029  0.000000
  0.000000  0.000000  0.000000

  -0.000141  -0.000004  0.000000
  -0.000004  0.000007  0.000000
  0.000000  0.000000  0.000000

  -0.000131  -0.000007  0.000000
  -0.000007  0.000000  0.000000
  0.000000  0.000000  0.000000

  -0.000078  -0.000030  0.000000
  -0.000030  -0.000028  0.000000
  0.000000  0.000000  0.000000

  -0.000025  -0.000036  0.000000
  -0.000036  -0.000040  0.000000
  0.000000  0.000000  0.000000

  -0.000146  -0.000003  0.000000
  -0.000003  0.000009  0.000000
  0.000000  0.000000  0.000000

  -0.000131  0.000002  0.000000
  0.000002  -0.000002  0.000000
  0.000000  0.000000  0.000000

  -0.000146  -0.000002  0.000000
  -0.000002  0.000011  0.000000
  0.000000  0.000000  0.000000

  -0.000139  0.000004  0.000000
  0.000004  0.000003  0.000000
  0.000000  0.000000  0.000000

  -0.000128  0.000007  0.000000
  0.000007  -0.000008  0.000000
  0.000000  0.000000  0.000000

  -0.000141  0.000001  0.000000
  0.000001  0.000006  0.000000
  0.000000  0.000000  0.000000

  -0.000139  0.000009  0.000000
  0.000009  0.000008  0.000000
  0.000000  0.000000  0.000000

  -0.000128  0.000018  0.000000
  0.000018  0.000001  0.000000
  0.000000  0.000000  0.000000

  -0.000145  0.000002  0.000000
  0.000002  0.000009  0.000000
  0.000000  0.000000  0.000000

  -0.000148  0.000007  0.000000
  0.000007  0.000009  0.000000
  0.000000  0.000000  0.000000

  -0.000146  0.000015  0.000000
  0.000015  0.000003  0.000000
  0.000000  0.000000  0.000000

  -0.000144  0.000029  0.000000
  0.000029  -0.000005  0.000000
  0.000000  0.000000  0.000000

  -0.000146  0.000000  0.000000
  0.000000  0.000010  0.000000
  0.000000  0.000000  0.000000

  -0.000145  0.000004  0.000000
  0.000004  0.000012  0.000000
  0.000000  0.000000  0.000000

  -0.000144  0.000029  0.000000
  0.000029  0.000014  0.000000
  0.000000  0.000000  0.000000

  -0.000106  0.000036  0.000000
  0.000036  -0.000009  0.000000
  0.000000  0.000000  0.000000

  -0.000149  0.000002  0.000000
  0.000002  0.000011  0.000000
  0.000000  0.000000  0.000000

  -0.000162  0.000022  0.000000
  0.000022  0.000012  0.000000
  0.000000  0.000000  0.000000

  -0.000142  0.000056  0.000000
  0.000056  -0.000020  0.000000
  0.000000  0.000000  0.000000

  -0.000106  0.000012  0.000000
  0.000012  -0.000025  0.000000
  0.000000  0.000000  0.000000

  -0.000146  0.000015  0.000000
  0.000015  0.000014  0.000000
  0.000000  0.000000  0.000000

  -0.000162  0.000013  0.000000
  0.000013  0.000024  0.000000
  0.000000  0.000000  0.000000

  -0.000142  0.000053  0.000000
  0.000053  0.000017  0.000000
  0.000000  0.000000  0.000000

  -0.000076  0.000009  0.000000
  0.000009  -0.000038  0.000000
  0.000000  0.000000  0.000000

  -0.000165  0.000009  0.000000
  0.000009  0.000020  0.000000
  0.000000  0.000000  0.000000

  -0.000181  0.000017  0.000000
  0.000017  0.000025  0.000000
  0.000000  0.000000  0.000000

  -0.000174  0.000039  0.000000
  0.000039  0.000012  0.000000
  0.000000  0.000000  0.000000

  -0.000061  0.000006  0.000000
  0.000006  -0.000041  0.000000
  0.000000  0.000000  0.000000

  -0.000156  0.000006  0.000000
  0.000006  0.000020  0.000000
  0.000000  0.000000  0.000000

  -0.000181  -0.000002  0.000000
  -0.000002  0.000032  0.000000
  0.000000  0.000000  0.000000

  -0.000061  0.000060  0.000000
  0.000060  -0.000042  0.000000
  0.000000  0.000000  0.000000

  -0.000012  0.000028  0.000000
  0.000028  -0.000031  0.000000
  0.000000  0.000000  0.000000

  -0.000156  0.000011  0.000000
  0.000011  0.000013  0.000000
  0.000000  0.000000  0.000000

  -0.000169  -0.000003  0.000000
  -0.000003  0.000027  0.000000
  0.000000  0.000000  0.000000

  -0.000148  0.000007  0.000000
  0.000007  0.000015  0.000000
  0.000000  0.000000  0.000000

  -0.000165  -0.000003  0.000000
  -0.000003  0.000024  0.000000
  0.000000  0.000000  0.000000

  -0.000169  -0.000019  0.000000
  -0.000019  0.000024  0.000000
  0.000000  0.000000  0.000000

  -0.000152  0.000005  0.000000
  0.000005  0.000013  0.000000
  0.000000  0.000000  0.000000

  -0.000156  -0.000003  0.000000
  -0.000003  0.000021  0.000000
  0.000000  0.000000  0.000000

  -0.000149  -0.000017  0.000000
  -0.000017  0.000020  0.000000
  0.000000  0.000000  0.000000

  -0.000149  0.000002  0.000000
  0.000002  0.000015  0.000000
  0.000000  0.000000  0.000000

  -0.000155  -0.000003  0.000000
  -0.000003  0.000020  0.000000
  0.000000  0.000000  0.000000

  -0.000156  -0.000013  0.000000
  -0.000013  0.000017  0.000000
  0.000000  0.000000  0.000000

  -0.000149  -0.000026  0.000000
  -0.000026  0.000011  0.000000
  0.000000  0.000000  0.000000

  -0.000156  0.000004  0.000000
  0.000004  0.000018  0.000000
  0.000000  0.000000  0.000000

  -0.000148  -0.000003  0.000000
  -0.000003  0.000016  0.000000
  0.000000  0.000000  0.000000

  -0.000128  -0.000021  0.000000
  -0.000021  0.000010  0.000000
  0.000000  0.000000  0.000000

  -0.000134  -0.000032  0.000000
  -0.000032  0.000014  0.000000
  0.000000  0.000000  0.000000

  -0.000149  -0.000002  0.000000
  -0.000002  0.000016  0.000000
  0.000000  0.000000  0.000000

  -0.000148  -0.000006  0.000000
  -0.000006  0.000014  0.000000
  0.000000  0.000000  0.000000

  -0.000140  -0.000016  0.000000
  -0.000016  0.000008  0.000000
  0.000000  0.000000  0.000000

  -0.000134  -0.000039  0.000000
  -0.000039  -0.000001  0.000000
  0.000000  0.000000  0.000000

  -0.000140  -0.000006  0.000000
  -0.000006  0.000013  0.000000
  0.000000  0.000000  0.000000

  -0.000140  -0.000010  0.000000
  -0.000010  0.000015  0.000000
  0.000000  0.000000  0.000000

  -0.000104  -0.000047  0.000000
  -0.000047  -0.000001  0.000000
  0.000000  0.000000  0.000000

  -0.000104  -0.000043  0.000000
  -0.000043  -0.000016  0.000000
  0.000000  0.000000  0.000000

  -0.000140  -0.000055  0.000000
  -0.000055  0.000002  0.000000
  0.000000  0.000000  0.000000

  -0.000082  -0.000037  0.000000
  -0.000037  -0.000016  0.000000
  0.000000  0.000000  0.000000

  -0.000100  -0.000064  0.000000
  -0.000064  0.000000  0.000000
  0.000000  0.000000  0.000000

  -0.000107  -0.000030  0.000000
  -0.000030  -0.000016  0.000000
  0.000000  0.000000  0.000000

  -0.000082  -0.000027  0.000000
  -0.000027  -0.000028  0.000000
  0.000000  0.000000  0.000000

  -0.000100  -0.000057  0.000000
  -0.000057  -0.000015  0.000000
  0.000000  0.000000  0.000000

  -0.000107  -0.000032  0.000000
  -0.000032  -0.000001  0.000000
  0.000000  0.000000  0.000000

  -0.000070  -0.000023  0.000000
  -0.000023  -0.000027  0.000000
  0.000000  0.000000  0.000000

  -0.000070  -0.000051  0.000000
  -0.000051  -0.000018  0.000000
  0.000000  0.000000  0.000000

  -0.000089  -0.000018  0.000000
  -0.000018  -0.000026  0.000000
  0.000000  0.000000  0.000000

  -0.000070  -0.000010  0.000000
  -0.000010  -0.000034  0.000000
  0.000000  0.000000  0.000000

  -0.000089  -0.000024  0.000000
  -0.000024  -0.000015  0.000000
  0.000000  0.000000  0.000000

  -0.000078  -0.000014  0.000000
  -0.000014  -0.000025  0.000000
  0.000000  0.000000  0.000000

  -0.000108  -0.000018  0.000000
  -0.000018  -0.000015  0.000000
  0.000000  0.000000  0.000000

  -0.000092  -0.000008  0.000000
  -0.000008  -0.000027  0.000000
  0.000000  0.000000  0.000000

  -0.000108  -0.000019  0.000000
  -0.000019  -0.000003  0.000000
  0.000000  0.000000  0.000000

  -0.000092  -0.000011  0.000000
  -0.000011  -0.000012  0.000000
  0.000000  0.000000  0.000000

  -0.000128  -0.000025  0.000000
  -0.000025  -0.000003  0.000000
  0.000000  0.000000  0.000000

  -0.000110  -0.000006  0.000000
  -0.000006  -0.000012  0.000000
  0.000000  0.000000  0.000000

  -0.000070  -0.000035  0.000000
  -0.000035  -0.000028  0.000000
  0.000000  0.000000  0.000000

  -0.000057  -0.000032  0.000000
  -0.000032  -0.000029  0.000000
  0.000000  0.000000  0.000000

  -0.000040  -0.000041  0.000000
  -0.000041  -0.000032  0.000000
  0.000000  0.000000  0.000000

  -0.000057  -0.000012  0.000000
  -0.000012  -0.000036  0.000000
  0.000000  0.000000  0.000000

  -0.000040  -0.000013  0.000000
  -0.000013  -0.000035  0.000000
  0.000000  0.000000  0.000000

  -0.000054  -0.000038  0.000000
  -0.000038  -0.000024  0.000000
  0.000000  0.000000  0.000000

  -0.000026  -0.000043  0.000000
  -0.000043  -0.000028  0.000000
  0.000000  0.000000  0.000000

  -0.000054  -0.000064  0.000000
  -0.000064  -0.000022  0.000000
  0.000000  0.000000  0.000000

  -0.000016  -0.000006  0.000000
  -0.000006  -0.000022  0.000000
  0.000000  0.000000  0.000000

  -0.000027  -0.000020  0.000000
  -0.000020  -0.000002  0.000000
  0.000000  0.000000  0.000000

  -0.000090  -0.000068  0.000000
  -0.000068  -0.000015  0.000000
  0.000000  0.000000  0.000000

  -0.000007  -0.000030  0.000000
  -0.000030  0.000002  0.000000
  0.000000  0.000000  0.000000

  -0.000027  -0.000066  0.000000
  -0.000066  -0.000038  0.000000
  0.000000  0.000000  0.000000

  -0.000090  -0.000085  0.000000
  -0.000085  -0.000002  0.000000
  0.000000  0.000000  0.000000

  -0.000045  -0.000033  0.000000
  -0.000033  0.000006  0.000000
  0.000000  0.000000  0.000000

  -0.000174  -0.000098  0.000000
  -0.000098  0.000011  0.000000
  0.000000  0.000000  0.000000

  -0.000153  -0.000074  0.000000
  -0.000074  0.000006  0.000000
  0.000000  0.000000  0.000000

  -0.000041  -0.000089  0.000000
  -0.000089  -0.000044  0.000000
  0.000000  0.000000  0.000000

  -0.000174  -0.000065  0.000000
  -0.000065  0.000020  0.000000
  0.000000  0.000000  0.000000

  -0.000153  -0.000059  0.000000
  -0.000059  0.000020  0.000000
  0.000000  0.000000  0.000000

  -0.000246  -0.000069  0.000000
  -0.000069  0.000039  0.000000
  0.000000  0.000000  0.000000

  -0.000208  -0.000065  0.000000
  -0.000065  0.000031  0.000000
  0.000000  0.000000  0.000000

  -0.000230  -0.000041  0.000000
  -0.000041  0.000000  0.000000
  0.000000  0.000000  0.000000

  -0.000264  -0.000083  0.000000
  -0.000083  -0.000043  0.000000
  0.000000  0.000000  0.000000

  -0.000489  -0.000098  0.000000
  -0.000098  0.000034  0.000000
  0.000000  0.000000  0.000000

  -0.000295  -0.000004  0.000000
  -0.000004  0.000001  0.000000
  0.000000  0.000000  0.000000

  -0.000286  -0.000007  0.000000
  -0.000007  -0.000010  0.000000
  0.000000  0.000000  0.000000

  -0.000244  -0.000021  0.000000
  -0.000021  0.000006  0.000000
  0.000000  0.000000  0.000000

  -0.000348  -0.000036  0.000000
  -0.000036  0.000020  0.000000
  0.000000  0.000000  0.000000

  -0.000296  0.000020  0.000000
  0.000020  0.000020  0.000000
  0.000000  0.000000  0.000000

  -0.000264  0.000029  0.000000
  0.000029  -0.000009  0.000000
  0.000000  0.000000  0.000000

  -0.000246  -0.000014  0.000000
  -0.000014  0.000021  0.000000
  0.000000  0.000000  0.000000

  -0.000237  -0.000036  0.000000
  -0.000036  0.000039  0.000000
  0.000000  0.000000  0.000000

  -0.000238  0.000005  0.000000
  0.000005  0.000025  0.000000
  0.000000  0.000000  0.000000

  -0.000208  -0.000029  0.000000
  -0.000029  0.000030  0.000000
  0.000000  0.000000  0.000000

  -0.000213  -0.000036  0.000000
  -0.000036  0.000039  0.000000
  0.000000  0.000000  0.000000

  -0.000210  -0.000004  0.000000
  -0.000004  0.000036  0.000000
  0.000000  0.000000  0.000000

  -0.000184  -0.000030  0.000000
  -0.000030  0.000032  0.000000
  0.000000  0.000000  0.000000

  -0.000229  -0.000003  0.000000
  -0.000003  0.000013  0.000000
  0.000000  0.000000  0.000000

  -0.000262  0.000065  0.000000
  0.000065  -0.000010  0.000000
  0.000000  0.000000  0.000000

  -0.000233  -0.000008  0.000000
  -0.000008  0.000038  0.000000
  0.000000  0.000000  0.000000

  -0.000232  0.000037  0.000000
  0.000037  0.000026  0.000000
  0.000000  0.000000  0.000000

  -0.000201  0.000030  0.000000
  0.000030  0.000009  0.000000
  0.000000  0.000000  0.000000

  -0.000203  0.000023  0.000000
  0.000023  0.000032  0.000000
  0.000000  0.000000  0.000000

  -0.000192  0.000055  0.000000
  0.000055  0.000031  0.000000
  0.000000  0.000000  0.000000

  -0.000209  -0.000006  0.000000
  -0.000006  0.000038  0.000000
  0.000000  0.000000  0.000000

  -0.000200  0.000027  0.000000
  0.000027  0.000035  0.000000
  0.000000  0.000000  0.000000

  -0.000190  -0.000028  0.000000
  -0.000028  0.000031  0.000000
  0.000000  0.000000  0.000000

  -0.000185  -0.000003  0.000000
  -0.000003  0.000035  0.000000
  0.000000  0.000000  0.000000

  -0.000177  -0.000054  0.000000
  -0.000054  0.000023  0.000000
  0.000000  0.000000  0.000000

  -0.000140  -0.000047  0.000000
  -0.000047  0.000016  0.000000
  0.000000  0.000000  0.000000

  -0.000164  -0.000039  0.000000
  -0.000039  0.000017  0.000000
  0.000000  0.000000  0.000000

  -0.000350  -0.000034  0.000000
  -0.000034  0.000059  0.000000
  0.000000  0.000000  0.000000

  -0.000308  0.000015  0.000000
  0.000015  0.000021  0.000000
  0.000000  0.000000  0.000000

  -0.000295  0.000037  0.000000
  0.000037  0.000007  0.000000
  0.000000  0.000000  0.000000

  -0.000325  -0.000013  0.000000
  -0.000013  0.000043  0.000000
  0.000000  0.000000  0.000000

  -0.000174  0.000023  0.000000
  0.000023  0.000030  0.000000
  0.000000  0.000000  0.000000

  -0.000328  -0.000005  0.000000
  -0.000005  0.000048  0.000000
  0.000000  0.000000  0.000000

  -0.000355  -0.000023  0.000000
  -0.000023  0.000055  0.000000
  0.000000  0.000000  0.000000

  -0.000359  -0.000013  0.000000
  -0.000013  0.000069  0.000000
  0.000000  0.000000  0.000000

  -0.000338  -0.000012  0.000000
  -0.000012  0.000061  0.000000
  0.000000  0.000000  0.000000

  -0.000354  -0.000017  0.000000
  -0.000017  0.000066  0.000000
  0.000000  0.000000  0.000000

  -0.000338  -0.000011  0.000000
  -0.000011  0.000061  0.000000
  0.000000  0.000000  0.000000

  -0.000354  -0.000008  0.000000
  -0.000008  0.000070  0.000000
  0.000000  0.000000  0.000000

  -0.000338  -0.000011  0.000000
  -0.000011  0.000067  0.000000
  0.000000  0.000000  0.000000

  -0.000323  -0.000003  0.000000
  -0.000003  0.000063  0.000000
  0.000000  0.000000  0.000000

  -0.000348  -0.000014  0.000000
  -0.000014  0.000069  0.000000
  0.000000  0.000000  0.000000

  -0.000339  -0.000011  0.000000
  -0.000011  0.000066  0.000000
  0.000000  0.000000  0.000000

  -0.000350  -0.000008  0.000000
  -0.000008  0.000069  0.000000
  0.000000  0.000000  0.000000

  -0.000341  -0.000013  0.000000
  -0.000013  0.000067  0.000000
  0.000000  0.000000  0.000000

  -0.000344  -0.000013  0.000000
  -0.000013  0.000068  0.000000
  0.000000  0.000000  0.000000

  -0.000341  -0.000010  0.000000
  -0.000010  0.000067  0.000000
  0.000000  0.000000  0.000000

  -0.000346  -0.000010  0.000000
  -0.000010  0.000068  0.000000
  0.000000  0.000000  0.000000

  -0.000343  -0.000016  0.000000
  -0.000016  0.000064  0.000000
  0.000000  0.000000  0.000000

  -0.000340  -0.000013  0.000000
  -0.000013  0.000061  0.000000
  0.000000  0.000000  0.000000

  -0.000346  -0.000009  0.000000
  -0.000009  0.000067  0.000000
  0.000000  0.000000  0.000000

  -0.000341  -0.000010  0.000000
  -0.000010  0.000060  0.000000
  0.000000  0.000000  0.000000

  -0.000345  -0.000022  0.000000
  -0.000022  0.000049  0.000000
  0.000000  0.000000  0.000000

  -0.000339  -0.000006  0.000000
  -0.000006  0.000066  0.000000
  0.000000  0.000000  0.000000

  -0.000333  0.000000  0.000000
  0.000000  0.000051  0.000000
  0.000000  0.000000  0.000000

  -0.000323  -0.000014  0.000000
  -0.000014  0.000040  0.000000
  0.000000  0.000000  0.000000

  -0.000348  -0.000013  0.000000
  -0.000013  0.000066  0.000000
  0.000000  0.000000  0.000000

  -0.000334  0.000002  0.000000
  0.000002  0.000060  0.000000
  0.000000  0.000000  0.000000

  -0.000326  -0.000004  0.000000
  -0.000004  0.000039  0.000000
  0.000000  0.000000  0.000000

  -0.000321  0.000022  0.000000
  0.000022  0.000018  0.000000
  0.000000  0.000000  0.000000

  -0.000322  0.000038  0.000000
  0.000038  0.000053  0.000000
  0.000000  0.000000  0.000000

  -0.000287  0.000023  0.000000
  0.000023  -0.000004  0.000000
  0.000000  0.000000  0.000000

  -0.000257  0.000019  0.000000
  0.000019  -0.000003  0.000000
  0.000000  0.000000  0.000000

  -0.000274  -0.000016  0.000000
  -0.000016  -0.000016  0.000000
  0.000000  0.000000  0.000000

  -0.000291  0.000091  0.000000
  0.000091  -0.000034  0.000000
  0.000000  0.000000  0.000000

  -0.000259  0.000017  0.000000
  0.000017  -0.000004  0.000000
  0.000000  0.000000  0.000000

  -0.000277  -0.000009  0.000000
  -0.000009  -0.000003  0.000000
  0.000000  0.000000  0.000000

  -0.000335  -0.000038  0.000000
  -0.000038  0.000009  0.000000
  0.000000  0.000000  0.000000

  -0.000239  -0.000007  0.000000
  -0.000007  0.000008  0.000000
  0.000000  0.000000  0.000000

  -0.000245  -0.000026  0.000000
  -0.000026  0.000005  0.000000
  0.000000  0.000000  0.000000

  -0.000338  -0.000034  0.000000
  -0.000034  0.000054  0.000000
  0.000000  0.000000  0.000000

  -0.000366  -0.000028  0.000000
  -0.000028  0.000053  0.000000
  0.000000  0.000000  0.000000

  -0.000233  0.000002  0.000000
  0.000002  0.000019  0.000000
  0.000000  0.000000  0.000000

  -0.000231  -0.000020  0.000000
  -0.000020  0.000006  0.000000
  0.000000  0.000000  0.000000

  -0.000217  -0.000009  0.000000
  -0.000009  0.000024  0.000000
  0.000000  0.000000  0.000000

  -0.000220  -0.000037  0.000000
  -0.000037  0.000017  0.000000
  0.000000  0.000000  0.000000

  -0.000229  0.000028  0.000000
  0.000028  0.000037  0.000000
  0.000000  0.000000  0.000000

  -0.000205  -0.000001  0.000000
  -0.000001  0.000028  0.000000
  0.000000  0.000000  0.000000

  -0.000191  -0.000028  0.000000
  -0.000028  0.000012  0.000000
  0.000000  0.000000  0.000000

  -0.000218  0.000022  0.000000
  0.000022  0.000021  0.000000
  0.000000  0.000000  0.000000

  -0.000191  0.000000  0.000000
  0.000000  0.000025  0.000000
  0.000000  0.000000  0.000000

  -0.000181  -0.000057  0.000000
  -0.000057  -0.000007  0.000000
  0.000000  0.000000  0.000000

  -0.000263  0.000041  0.000000
  0.000041  0.000013  0.000000
  0.000000  0.000000  0.000000

  -0.000200  0.000026  0.000000
  0.000026  0.000032  0.000000
  0.000000  0.000000  0.000000

  -0.000137  -0.000039  0.000000
  -0.000039  -0.000008  0.000000
  0.000000  0.000000  0.000000

  -0.000216  0.000042  0.000000
  0.000042  -0.000031  0.000000
  0.000000  0.000000  0.000000

  -0.000257  0.000037  0.000000
  0.000037  0.000020  0.000000
  0.000000  0.000000  0.000000

  -0.000157  0.000173  0.000000
  0.000173  -0.000063  0.000000
  0.000000  0.000000  0.000000

  -0.000229  0.000076  0.000000
  0.000076  0.000036  0.000000
  0.000000  0.000000  0.000000

  -0.000194  0.000028  0.000000
  0.000028  0.000032  0.000000
  0.000000  0.000000  0.000000

  -0.000166  -0.000034  0.000000
  -0.000034  -0.000008  0.000000
  0.000000  0.000000  0.000000

  -0.000204  0.000058  0.000000
  0.000058  0.000031  0.000000
  0.000000  0.000000  0.000000

  -0.000171  -0.000019  0.000000
  -0.000019  0.000014  0.000000
  0.000000  0.000000  0.000000

  -0.000165  0.000068  0.000000
  0.000068  0.000021  0.000000
  0.000000  0.000000  0.000000

  -0.000195  -0.000029  0.000000
  -0.000029  0.000013  0.000000
  0.000000  0.000000  0.000000

  -0.000141  -0.000020  0.000000
  -0.000020  -0.000002  0.000000
  0.000000  0.000000  0.000000

  -0.000158  -0.000016  0.000000
  -0.000016  -0.000003  0.000000
  0.000000  0.000000  0.000000

  -0.000140  -0.000020  0.000000
  -0.000020  -0.000022  0.000000
  0.000000  0.000000  0.000000

  -0.000161  -0.000007  0.000000
  -0.000007  0.000013  0.000000
  0.000000  0.000000  0.000000

  -0.000145  -0.000007  0.000000
  -0.000007  0.000003  0.000000
  0.000000  0.000000  0.000000

  -0.000128  -0.000009  0.000000
  -0.000009  -0.000011  0.000000
  0.000000  0.000000  0.000000

  -0.000176  -0.000014  0.000000
  -0.000014  0.000011  0.000000
  0.000000  0.000000  0.000000

  -0.000144  -0.000009  0.000000
  -0.000009  -0.000009  0.000000
  0.000000  0.000000  0.000000

  -0.000182  0.000004  0.000000
  0.000004  0.000024  0.000000
  0.000000  0.000000  0.000000

  -0.000139  -0.000002  0.000000
  -0.000002  -0.000002  0.000000
  0.000000  0.000000  0.000000

  -0.000172  0.000008  0.000000
  0.000008  0.000020  0.000000
  0.000000  0.000000  0.000000

  -0.000145  -0.000003  0.000000
  -0.000003  -0.000000  0.000000
  0.000000  0.000000  0.000000

  -0.000177  0.000024  0.000000
  0.000024  0.000025  0.000000
  0.000000  0.000000  0.000000

  -0.000167  0.000009  0.000000
  0.000009  0.000019  0.000000
  0.000000  0.000000  0.000000

  -0.000146  -0.000000  0.000000
  -0.000000  0.000006  0.000000
  0.000000  0.000000  0.000000

  -0.000172  0.000027  0.000000
  0.000027  0.000027  0.000000
  0.000000  0.000000  0.000000

  -0.000158  0.000012  0.000000
  0.000012  0.000016  0.000000
  0.000000  0.000000  0.000000

  -0.000152  -0.000005  0.000000
  -0.000005  0.000002  0.000000
  0.000000  0.000000  0.000000

  -0.000162  0.000023  0.000000
  0.000023  0.000018  0.000000
  0.000000  0.000000  0.000000

  -0.000157  0.000012  0.000000
  0.000012  0.000015  0.000000
  0.000000  0.000000  0.000000

  -0.000157  0.000026  0.000000
  0.000026  0.000021  0.000000
  0.000000  0.000000  0.000000

  -0.000148  0.000024  0.000000
  0.000024  0.000015  0.000000
  0.000000  0.000000  0.000000

  -0.000149  0.000014  0.000000
  0.000014  0.000013  0.000000
  0.000000  0.000000  0.000000

  -0.000150  0.000031  0.000000
  0.000031  0.000012  0.000000
  0.000000  0.000000  0.000000

  -0.000152  0.000021  0.000000
  0.000021  0.000013  0.000000
  0.000000  0.000000  0.000000

  -0.000139  0.000037  0.000000
  0.000037  0.000014  0.000000
  0.000000  0.000000  0.000000

  -0.000141  0.000022  0.000000
  0.000022  0.000012  0.000000
  0.000000  0.000000  0.000000

  -0.000161  0.000037  0.000000
  0.000037  0.000017  0.000000
  0.000000  0.000000  0.000000

  -0.000140  0.000041  0.000000
  0.000041  0.000006  0.000000
  0.000000  0.000000  0.000000

  -0.000142  0.000027  0.000000
  0.000027  0.000008  0.000000
  0.000000  0.000000  0.000000

  -0.000121  0.000049  0.000000
  0.000049  0.000007  0.000000
  0.000000  0.000000  0.000000

  -0.000123  0.000039  0.000000
  0.000039  0.000005  0.000000
  0.000000  0.000000  0.000000

  -0.000135  0.000031  0.000000
  0.000031  0.000010  0.000000
  0.000000  0.000000  0.000000

  -0.000147  0.000051  0.000000
  0.000051  0.000010  0.000000
  0.000000  0.000000  0.000000

  -0.000122  0.000037  0.000000
  0.000037  -0.000004  0.000000
  0.000000  0.000000  0.000000

  -0.000135  0.000033  0.000000
  0.000033  0.000004  0.000000
  0.000000  0.000000  0.000000

  -0.000145  0.000045  0.000000
  0.000045  0.000020  0.000000
  0.000000  0.000000  0.000000

  -0.000105  0.000043  0.000000
  0.000043  -0.000004  0.000000
  0.000000  0.000000  0.000000

  -0.000178  0.000045  0.000000
  0.000045  0.000024  0.000000
  0.000000  0.000000  0.000000

  -0.000119  0.000046  0.000000
  0.000046  -0.000004  0.000000
  0.000000  0.000000  0.000000

  -0.000154  0.000056  0.000000
  0.000056  0.000025  0.000000
  0.000000  0.000000  0.000000

  -0.000095  0.000054  0.000000
  0.000054  -0.000006  0.000000
  0.000000  0.000000  0.000000

  -0.000115  0.000056  0.000000
  0.000056  -0.000004  0.000000
  0.000000  0.000000  0.000000

  -0.000091  0.000041  0.000000
  0.000041  -0.000017  0.000000
  0.000000  0.000000  0.000000

  -0.000118  0.000063  0.000000
  0.000063  0.000009  0.000000
  0.000000  0.000000  0.000000

  -0.000069  0.000048  0.000000
  0.000048  -0.000020  0.000000
  0.000000  0.000000  0.000000

  -0.000156  0.000065  0.000000
  0.000065  0.000013  0.000000
  0.000000  0.000000  0.000000

  -0.000074  0.000045  0.000000
  0.000045  -0.000018  0.000000
  0.000000  0.000000  0.000000

  -0.000109  0.000082  0.000000
  0.000082  0.000009  0.000000
  0.000000  0.000000  0.000000

  -0.000081  0.000066  0.000000
  0.000066  -0.000010  0.000000
  0.000000  0.000000  0.000000

  -0.000171  0.000082  0.000000
  0.000082  0.000018  0.000000
  0.000000  0.000000  0.000000

  -0.000104  0.000067  0.000000
  0.000067  -0.000008  0.000000
  0.000000  0.000000  0.000000

  -0.000056  0.000077  0.000000
  0.000077  -0.000024  0.000000
  0.000000  0.000000  0.000000

  -0.000058  0.000054  0.000000
  0.000054  -0.000006  0.000000
  0.000000  0.000000  0.000000

  -0.000044  0.000039  0.000000
  0.000039  -0.000022  0.000000
  0.000000  0.000000  0.000000

  -0.000083  0.000132  0.000000
  0.000132  -0.000034  0.000000
  0.000000  0.000000  0.000000

  -0.000027  0.000075  0.000000
  0.000075  -0.000031  0.000000
  0.000000  0.000000  0.000000

  -0.000038  0.000026  0.000000
  0.000026  0.000033  0.000000
  0.000000  0.000000  0.000000

  -0.000107  -0.000023  0.000000
  -0.000023  -0.000025  0.000000
  0.000000  0.000000  0.000000

  -0.000113  -0.000006  0.000000
  -0.000006  -0.000040  0.000000
  0.000000  0.000000  0.000000

  -0.000136  -0.000041  0.000000
  -0.000041  -0.000035  0.000000
  0.000000  0.000000  0.000000

  -0.000115  0.000003  0.000000
  0.000003  -0.000026  0.000000
  0.000000  0.000000  0.000000

  -0.000075  -0.000049  0.000000
  -0.000049  -0.000038  0.000000
  0.000000  0.000000  0.000000

  -0.000131  -0.000001  0.000000
  -0.000001  -0.000021  0.000000
  0.000000  0.000000  0.000000

  -0.000085  -0.000017  0.000000
  -0.000017  -0.000062  0.000000
  0.000000  0.000000  0.000000

  -0.000135  0.000004  0.000000
  0.000004  -0.000010  0.000000
  0.000000  0.000000  0.000000

  -0.000078  -0.000005  0.000000
  -0.000005  -0.000046  0.000000
  0.000000  0.000000  0.000000

  -0.000140  -0.000000  0.000000
  -0.000000  -0.000006  0.000000
  0.000000  0.000000  0.000000

  -0.000137  0.000010  0.000000
  0.000010  -0.000008  0.000000
  0.000000  0.000000  0.000000

  -0.000144  0.000002  0.000000
  0.000002  0.000000  0.000000
  0.000000  0.000000  0.000000

  -0.000150  0.000009  0.000000
  0.000009  -0.000001  0.000000
  0.000000  0.000000  0.000000

  -0.000143  -0.000001  0.000000
  -0.000001  0.000002  0.000000
  0.000000  0.000000  0.000000

  -0.000144  0.000002  0.000000
  0.000002  0.000002  0.000000
  0.000000  0.000000  0.000000

  -0.000144  0.000001  0.000000
  0.000001  0.000004  0.000000
  0.000000  0.000000  0.000000

  -0.000151  0.000001  0.000000
  0.000001  0.000006  0.000000
  0.000000  0.000000  0.000000

  -0.000144  -0.000001  0.000000
  -0.000001  0.000005  0.000000
  0.000000  0.000000  0.000000

  -0.000145  -0.000003  0.000000
  -0.000003  0.000008  0.000000
  0.000000  0.000000  0.000000

  -0.000146  0.000003  0.000000
  0.000003  0.000008  0.000000
  0.000000  0.000000  0.000000

  -0.000144  0.000001  0.000000
  0.000001  0.000008  0.000000
  0.000000  0.000000  0.000000

  -0.000146  0.000000  0.000000
  0.000000  0.000006  0.000000
  0.000000  0.000000  0.000000

  -0.000148  0.000001  0.000000
  0.000001  0.000006  0.000000
  0.000000  0.000000  0.000000

  -0.000142  -0.000000  0.000000
  -0.000000  0.000008  0.000000
  0.000000  0.000000  0.000000

  -0.000150  0.000006  0.000000
  0.000006  0.000011  0.000000
  0.000000  0.000000  0.000000

  -0.000143  0.000004  0.000000
  0.000004  0.000009  0.000000
  0.000000  0.000000  0.000000

  -0.000154  0.000004  0.000000
  0.000004  0.000010  0.000000
  0.000000  0.000000  0.000000

  -0.000147  0.000007  0.000000
  0.000007  0.000010  0.000000
  0.000000  0.000000  0.000000

  -0.000144  0.000003  0.000000
  0.000003  0.000008  0.000000
  0.000000  0.000000  0.000000

  -0.000155  0.000002  0.000000
  0.000002  0.000012  0.000000
  0.000000  0.000000  0.000000

  -0.000146  0.000008  0.000000
  0.000008  0.000010  0.000000
  0.000000  0.000000  0.000000

  -0.000142  0.000008  0.000000
  0.000008  0.000010  0.000000
  0.000000  0.000000  0.000000

  -0.000143  0.000013  0.000000
  0.000013  0.000010  0.000000
  0.000000  0.000000  0.000000

  -0.000142  0.000008  0.000000
  0.000008  0.000010  0.000000
  0.000000  0.000000  0.000000

  -0.000143  0.000014  0.000000
  0.000014  0.000011  0.000000
  0.000000  0.000000  0.000000

  -0.000138  0.000013  0.000000
  0.000013  0.000009  0.000000
  0.000000  0.000000  0.000000

  -0.000137  0.000008  0.000000
  0.000008  0.000009  0.000000
  0.000000  0.000000  0.000000

  -0.000149  0.000014  0.000000
  0.000014  0.000012  0.000000
  0.000000  0.000000  0.000000

  -0.000139  0.000017  0.000000
  0.000017  0.000008  0.000000
  0.000000  0.000000  0.000000

  -0.000139  0.000012  0.000000
  0.000012  0.000009  0.000000
  0.000000  0.000000  0.000000

  -0.000136  0.000019  0.000000
  0.000019  0.000009  0.000000
  0.000000  0.000000  0.000000

  -0.000134  0.000011  0.000000
  0.000011  0.000009  0.000000
  0.000000  0.000000  0.000000

  -0.000144  0.000020  0.000000
  0.000020  0.000010  0.000000
  0.000000  0.000000  0.000000

  -0.000137  0.000023  0.000000
  0.000023  0.000006  0.000000
  0.000000  0.000000  0.000000

  -0.000135  0.000015  0.000000
  0.000015  0.000007  0.000000
  0.000000  0.000000  0.000000

  -0.000132  0.000026  0.000000
  0.000026  0.000007  0.000000
  0.000000  0.000000  0.000000

  -0.000133  0.000016  0.000000
  0.000016  0.000008  0.000000
  0.000000  0.000000  0.000000

  -0.000132  0.000027  0.000000
  0.000027  0.000002  0.000000
  0.000000  0.000000  0.000000

  -0.000134  0.000019  0.000000
  0.000019  0.000004  0.000000
  0.000000  0.000000  0.000000

  -0.000124  0.000032  0.000000
  0.000032  0.000003  0.000000
  0.000000  0.000000  0.000000

  -0.000130  0.000022  0.000000
  0.000022  0.000006  0.000000
  0.000000  0.000000  0.000000

  -0.000123  0.000030  0.000000
  0.000030  -0.000003  0.000000
  0.000000  0.000000  0.000000

  -0.000131  0.000023  0.000000
  0.000023  0.000001  0.000000
  0.000000  0.000000  0.000000

  -0.000112  0.000035  0.000000
  0.000035  -0.000004  0.000000
  0.000000  0.000000  0.000000

  -0.000125  0.000026  0.000000
  0.000026  0.000002  0.000000
  0.000000  0.000000  0.000000

  -0.000109  0.000029  0.000000
  0.000029  -0.000011  0.000000
  0.000000  0.000000  0.000000

  -0.000124  0.000025  0.000000
  0.000025  -0.000003  0.000000
  0.000000  0.000000  0.000000

  -0.000097  0.000032  0.000000
  0.000032  -0.000013  0.000000
  0.000000  0.000000  0.000000

  -0.000106  0.000027  0.000000
  0.000027  -0.000010  0.000000
  0.000000  0.000000  0.000000

  -0.000116  0.000028  0.000000
  0.000028  -0.000003  0.000000
  0.000000  0.000000  0.000000

  -0.000102  0.000034  0.000000
  0.000034  -0.000014  0.000000
  0.000000  0.000000  0.000000

  -0.000103  0.000019  0.000000
  0.000019  -0.000016  0.000000
  0.000000  0.000000  0.000000

  -0.000085  0.000040  0.000000
  0.000040  -0.000016  0.000000
  0.000000  0.000000  0.000000

  -0.000093  0.000020  0.000000
  0.000020  -0.000017  0.000000
  0.000000  0.000000  0.000000

  -0.000081  0.000026  0.000000
  0.000026  -0.000025  0.000000
  0.000000  0.000000  0.000000

  -0.000060  0.000028  0.000000
  0.000028  -0.000027  0.000000
  0.000000  0.000000  0.000000

  -0.000094  0.000022  0.000000
  0.000022  -0.000019  0.000000
  0.000000  0.000000  0.000000

  -0.000093  0.000009  0.000000
  0.000009  -0.000022  0.000000
  0.000000  0.000000  0.000000

  -0.000082  0.000025  0.000000
  0.000025  -0.000022  0.000000
  0.000000  0.000000  0.000000

  -0.000090  0.000031  0.000000
  0.000031  -0.000047  0.000000
  0.000000  0.000000  0.000000

  -0.000122  0.000028  0.000000
  0.000028  -0.000030  0.000000
  0.000000  0.000000  0.000000

  -0.000084  0.000036  0.000000
  0.000036  -0.000051  0.000000
  0.000000  0.000000  0.000000

  -0.000121  0.000020  0.000000
  0.000020  -0.000024  0.000000
  0.000000  0.000000  0.000000

  -0.000101  0.000084  0.000000
  0.000084  -0.000022  0.000000
  0.000000  0.000000  0.000000

  -0.000042  0.000045  0.000000
  0.000045  -0.000065  0.000000
  0.000000  0.000000  0.000000

  -0.000142  0.000018  0.000000
  0.000018  -0.000013  0.000000
  0.000000  0.000000  0.000000

  -0.000177  0.000057  0.000000
  0.000057  -0.000012  0.000000
  0.000000  0.000000  0.000000

  -0.000041  -0.000001  0.000000
  -0.000001  -0.000030  0.000000
  0.000000  0.000000  0.000000

  -0.000144  0.000023  0.000000
  0.000023  -0.000001  0.000000
  0.000000  0.000000  0.000000

  -0.000129  0.000047  0.000000
  0.000047  -0.000012  0.000000
  0.000000  0.000000  0.000000

  -0.000167  0.000016  0.000000
  0.000016  0.000004  0.000000
  0.000000  0.000000  0.000000

  -0.000171  0.000034  0.000000
  0.000034  -0.000005  0.000000
  0.000000  0.000000  0.000000

  -0.000150  0.000008  0.000000
  0.000008  0.000008  0.000000
  0.000000  0.000000  0.000000

  -0.000165  0.000008  0.000000
  0.000008  0.000017  0.000000
  0.000000  0.000000  0.000000

  -0.000168  0.000025  0.000000
  0.000025  0.000011  0.000000
  0.000000  0.000000  0.000000

  -0.000178  0.000002  0.000000
  0.000002  0.000016  0.000000
  0.000000  0.000000  0.000000

  -0.000192  0.000018  0.000000
  0.000018  0.000014  0.000000
  0.000000  0.000000  0.000000

  -0.000159  -0.000005  0.000000
  -0.000005  0.000019  0.000000
  0.000000  0.000000  0.000000

  -0.000186  -0.000001  0.000000
  -0.000001  0.000027  0.000000
  0.000000  0.000000  0.000000

  -0.000162  0.000003  0.000000
  0.000003  0.000009  0.000000
  0.000000  0.000000  0.000000

  -0.000164  -0.000009  0.000000
  -0.000009  0.000015  0.000000
  0.000000  0.000000  0.000000

  -0.000195  -0.000006  0.000000
  -0.000006  0.000024  0.000000
  0.000000  0.000000  0.000000

  -0.000153  -0.000013  0.000000
  -0.000013  0.000017  0.000000
  0.000000  0.000000  0.000000

  -0.000160  -0.000021  0.000000
  -0.000021  0.000022  0.000000
  0.000000  0.000000  0.000000

  -0.000173  -0.000013  0.000000
  -0.000013  0.000027  0.000000
  0.000000  0.000000  0.000000

  -0.000155  -0.000005  0.000000
  -0.000005  0.000011  0.000000
  0.000000  0.000000  0.000000

  -0.000156  -0.000023  0.000000
  -0.000023  0.000016  0.000000
  0.000000  0.000000  0.000000

  -0.000172  -0.000017  0.000000
  -0.000017  0.000021  0.000000
  0.000000  0.000000  0.000000

  -0.000150  -0.000002  0.000000
  -0.000002  0.000012  0.000000
  0.000000  0.000000  0.000000

  -0.000150  -0.000024  0.000000
  -0.000024  0.000016  0.000000
  0.000000  0.000000  0.000000

  -0.000167  -0.000035  0.000000
  -0.000035  0.000026  0.000000
  0.000000  0.000000  0.000000

  -0.000152  -0.000015  0.000000
  -0.000015  0.000013  0.000000
  0.000000  0.000000  0.000000

  -0.000153  -0.000035  0.000000
  -0.000035  0.000017  0.000000
  0.000000  0.000000  0.000000

  -0.000175  -0.000032  0.000000
  -0.000032  0.000025  0.000000
  0.000000  0.000000  0.000000

  -0.000146  -0.000016  0.000000
  -0.000016  0.000013  0.000000
  0.000000  0.000000  0.000000

  -0.000152  -0.000035  0.000000
  -0.000035  0.000017  0.000000
  0.000000  0.000000  0.000000

  -0.000168  -0.000056  0.000000
  -0.000056  0.000024  0.000000
  0.000000  0.000000  0.000000

  -0.000148  -0.000010  0.000000
  -0.000010  0.000011  0.000000
  0.000000  0.000000  0.000000

  -0.000139  -0.000033  0.000000
  -0.000033  0.000011  0.000000
  0.000000  0.000000  0.000000

  -0.000140  -0.000051  0.000000
  -0.000051  0.000014  0.000000
  0.000000  0.000000  0.000000

  -0.000147  -0.000009  0.000000
  -0.000009  0.000012  0.000000
  0.000000  0.000000  0.000000

  -0.000141  -0.000032  0.000000
  -0.000032  0.000010  0.000000
  0.000000  0.000000  0.000000

  -0.000149  -0.000049  0.000000
  -0.000049  0.000014  0.000000
  0.000000  0.000000  0.000000

  -0.000144  -0.000024  0.000000
  -0.000024  0.000011  0.000000
  0.000000  0.000000  0.000000

  -0.000131  -0.000030  0.000000
  -0.000030  0.000006  0.000000
  0.000000  0.000000  0.000000

  -0.000142  -0.000024  0.000000
  -0.000024  0.000011  0.000000
  0.000000  0.000000  0.000000

  -0.000134  -0.000028  0.000000
  -0.000028  0.000005  0.000000
  0.000000  0.000000  0.000000

  -0.000130  -0.000034  0.000000
  -0.000034  0.000001  0.000000
  0.000000  0.000000  0.000000

  -0.000144  -0.000017  0.000000
  -0.000017  0.000010  0.000000
  0.000000  0.000000  0.000000

  -0.000136  -0.000023  0.000000
  -0.000023  0.000008  0.000000
  0.000000  0.000000  0.000000

  -0.000118  -0.000031  0.000000
  -0.000031  -0.000001  0.000000
  0.000000  0.000000  0.000000

  -0.000136  -0.000022  0.000000
  -0.000022  0.000007  0.000000
  0.000000  0.000000  0.000000

  -0.000126  -0.000028  0.000000
  -0.000028  -0.000002  0.000000
  0.000000  0.000000  0.000000

  -0.000118  -0.000031  0.000000
  -0.000031  -0.000007  0.000000
  0.000000  0.000000  0.000000

  -0.000137  -0.000018  0.000000
  -0.000018  0.000008  0.000000
  0.000000  0.000000  0.000000

  -0.000127  -0.000026  0.000000
  -0.000026  0.000003  0.000000
  0.000000  0.000000  0.000000

  -0.000105  -0.000026  0.000000
  -0.000026  -0.000008  0.000000
  0.000000  0.000000  0.000000

  -0.000140  -0.000018  0.000000
  -0.000018  0.000010  0.000000
  0.000000  0.000000  0.000000

  -0.000130  -0.000024  0.000000
  -0.000024  0.000002  0.000000
  0.000000  0.000000  0.000000

  -0.000117  -0.000023  0.000000
  -0.000023  -0.000009  0.000000
  0.000000  0.000000  0.000000

  -0.000142  -0.000012  0.000000
  -0.000012  0.000010  0.000000
  0.000000  0.000000  0.000000

  -0.000131  -0.000021  0.000000
  -0.000021  0.000005  0.000000
  0.000000  0.000000  0.000000

  -0.000117  -0.000025  0.000000
  -0.000025  -0.000003  0.000000
  0.000000  0.000000  0.000000

  -0.000142  -0.000012  0.000000
  -0.000012  0.000011  0.000000
  0.000000  0.000000  0.000000

  -0.000132  -0.000019  0.000000
  -0.000019  0.000004  0.000000
  0.000000  0.000000  0.000000

  -0.000124  -0.000022  0.000000
  -0.000022  -0.000004  0.000000
  0.000000  0.000000  0.000000

  -0.000144  -0.000007  0.000000
  -0.000007  0.000009  0.000000
  0.000000  0.000000  0.000000

  -0.000133  -0.000016  0.000000
  -0.000016  0.000006  0.000000
  0.000000  0.000000  0.000000

  -0.000124  -0.000022  0.000000
  -0.000022  0.000001  0.000000
  0.000000  0.000000  0.000000

  -0.000143  -0.000006  0.000000
  -0.000006  0.000010  0.000000
  0.000000  0.000000  0.000000

  -0.000135  -0.000017  0.000000
  -0.000017  0.000007  0.000000
  0.000000  0.000000  0.000000

  -0.000148  -0.000004  0.000000
  -0.000004  0.000009  0.000000
  0.000000  0.000000  0.000000

  -0.000144  -0.000002  0.000000
  -0.000002  0.000008  0.000000
  0.000000  0.000000  0.000000

  -0.000143  -0.000002  0.000000
  -0.000002  0.000007  0.000000
  0.000000  0.000000  0.000000

  -0.000141  -0.000004  0.000000
  -0.000004  0.000009  0.000000
  0.000000  0.000000  0.000000

  -0.000142  0.000000  0.000000
  0.000000  0.000009  0.000000
  0.000000  0.000000  0.000000

  -0.000141  -0.000004  0.000000
  -0.000004  0.000009  0.000000
  0.000000  0.000000  0.000000

  -0.000139  -0.000000  0.000000
  -0.000000  0.000009  0.000000
  0.000000  0.000000  0.000000

  -0.000137  -0.000005  0.000000
  -0.000005  0.000009  0.000000
  0.000000  0.000000  0.000000

  -0.000140  0.000004  0.000000
  0.000004  0.000009  0.000000
  0.000000  0.000000  0.000000

  -0.000139  -0.000000  0.000000
  -0.000000  0.000009  0.000000
  0.000000  0.000000  0.000000

  -0.000140  0.000004  0.000000
  0.000004  0.000009  0.000000
  0.000000  0.000000  0.000000

  -0.000135  -0.000001  0.000000
  -0.000001  0.000010  0.000000
  0.000000  0.000000  0.000000

  -0.000137  0.000003  0.000000
  0.000003  0.000010  0.000000
  0.000000  0.000000  0.000000

  -0.000135  -0.000001  0.000000
  -0.000001  0.000010  0.000000
  0.000000  0.000000  0.000000

  -0.000136  0.000003  0.000000
  0.000003  0.000009  0.000000
  0.000000  0.000000  0.000000

  -0.000133  0.000002  0.000000
  0.000002  0.000010  0.000000
  0.000000  0.000000  0.000000

  -0.000132  -0.000002  0.000000
  -0.000002  0.000010  0.000000
  0.000000  0.000000  0.000000

  -0.000134  0.000006  0.000000
  0.000006  0.000010  0.000000
  0.000000  0.000000  0.000000

  -0.000133  0.000002  0.000000
  0.000002  0.000011  0.000000
  0.000000  0.000000  0.000000

  -0.000134  0.000006  0.000000
  0.000006  0.000009  0.000000
  0.000000  0.000000  0.000000

  -0.000131  0.000001  0.000000
  0.000001  0.000012  0.000000
  0.000000  0.000000  0.000000

  -0.000138  0.000008  0.000000
  0.000008  0.000009  0.000000
  0.000000  0.000000  0.000000

  -0.000135  0.000010  0.000000
  0.000010  0.000008  0.000000
  0.000000  0.000000  0.000000

  -0.000132  0.000005  0.000000
  0.000005  0.000011  0.000000
  0.000000  0.000000  0.000000

  -0.000131  0.000009  0.000000
  0.000009  0.000009  0.000000
  0.000000  0.000000  0.000000

  -0.000131  0.000004  0.000000
  0.000004  0.000010  0.000000
  0.000000  0.000000  0.000000

  -0.000129  0.000002  0.000000
  0.000002  0.000013  0.000000
  0.000000  0.000000  0.000000

  -0.000132  0.000012  0.000000
  0.000012  0.000006  0.000000
  0.000000  0.000000  0.000000

  -0.000130  0.000006  0.000000
  0.000006  0.000011  0.000000
  0.000000  0.000000  0.000000

  -0.000130  0.000003  0.000000
  0.000003  0.000016  0.000000
  0.000000  0.000000  0.000000

  -0.000131  0.000013  0.000000
  0.000013  0.000007  0.000000
  0.000000  0.000000  0.000000

  -0.000129  0.000006  0.000000
  0.000006  0.000010  0.000000
  0.000000  0.000000  0.000000

  -0.000131  0.000016  0.000000
  0.000016  0.000004  0.000000
  0.000000  0.000000  0.000000

  -0.000132  0.000008  0.000000
  0.000008  0.000009  0.000000
  0.000000  0.000000  0.000000

  -0.000129  0.000018  0.000000
  0.000018  0.000005  0.000000
  0.000000  0.000000  0.000000

  -0.000128  0.000013  0.000000
  0.000013  0.000005  0.000000
  0.000000  0.000000  0.000000

  -0.000129  0.000019  0.000000
  0.000019  0.000001  0.000000
  0.000000  0.000000  0.000000

  -0.000128  0.000015  0.000000
  0.000015  -0.000000  0.000000
  0.000000  0.000000  0.000000

  -0.000125  0.000021  0.000000
  0.000021  0.000002  0.000000
  0.000000  0.000000  0.000000

  -0.000126  0.000017  0.000000
  0.000017  0.000002  0.000000
  0.000000  0.000000  0.000000

  -0.000125  0.000020  0.000000
  0.000020  -0.000003  0.000000
  0.000000  0.000000  0.000000

  -0.000125  0.000016  0.000000
  0.000016  -0.000003  0.000000
  0.000000  0.000000  0.000000

  -0.000120  0.000023  0.000000
  0.000023  -0.000002  0.000000
  0.000000  0.000000  0.000000

  -0.000122  0.000018  0.000000
  0.000018  -0.000002  0.000000
  0.000000  0.000000  0.000000

  -0.000119  0.000020  0.000000
  0.000020  -0.000007  0.000000
  0.000000  0.000000  0.000000

  -0.000113  0.000022  0.000000
  0.000022  -0.000008  0.000000
  0.000000  0.000000  0.000000

  -0.000118  0.000018  0.000000
  0.000018  -0.000006  0.000000
  0.000000  0.000000  0.000000

  -0.000115  0.000024  0.000000
  0.000024  -0.000009  0.000000
  0.000000  0.000000  0.000000

  -0.000116  0.000013  0.000000
  0.000013  -0.000010  0.000000
  0.000000  0.000000  0.000000

  -0.000121  0.000016  0.000000
  0.000016  -0.000007  0.000000
  0.000000  0.000000  0.000000

  -0.000112  0.000014  0.000000
  0.000014  -0.000011  0.000000
  0.000000  0.000000  0.000000

  -0.000121  0.000014  0.000000
  0.000014  -0.000005  0.000000
  0.000000  0.000000  0.000000

  -0.000111  0.000016  0.000000
  0.000016  -0.000012  0.000000
  0.000000  0.000000  0.000000

  -0.000120  0.000011  0.000000
  0.000011  -0.000010  0.000000
  0.000000  0.000000  0.000000

  -0.000103  0.000017  0.000000
  0.000017  -0.000014  0.000000
  0.000000  0.000000  0.000000

  -0.000118  0.000012  0.000000
  0.000012  -0.000009  0.000000
  0.000000  0.000000  0.000000

  -0.000101  0.000007  0.000000
  0.000007  -0.000018  0.000000
  0.000000  0.000000  0.000000

  -0.000115  0.000006  0.000000
  0.000006  -0.000012  0.000000
  0.000000  0.000000  0.000000

  -0.000115  0.000006  0.000000
  0.000006  -0.000013  0.000000
  0.000000  0.000000  0.000000

  -0.000119  0.000007  0.000000
  0.000007  -0.000011  0.000000
  0.000000  0.000000  0.000000

  -0.000118  0.000002  0.000000
  0.000002  -0.000014  0.000000
  0.000000  0.000000  0.000000

  -0.000120  0.000005  0.000000
  0.000005  -0.000014  0.000000
  0.000000  0.000000  0.000000

  -0.000122  0.000004  0.000000
  0.000004  -0.000013  0.000000
  0.000000  0.000000  0.000000

  -0.000121  0.000009  0.000000
  0.000009  -0.000009  0.000000
  0.000000  0.000000  0.000000

  -0.000122  0.000007  0.000000
  0.000007  -0.000012  0.000000
  0.000000  0.000000  0.000000

  -0.000122  0.000005  0.000000
  0.000005  -0.000011  0.000000
  0.000000  0.000000  0.000000

  -0.000123  0.000010  0.000000
  0.000010  -0.000005  0.000000
  0.000000  0.000000  0.000000

  -0.000124  0.000006  0.000000
  0.000006  -0.000009  0.000000
  0.000000  0.000000  0.000000

  -0.000123  0.000012  0.000000
  0.000012  -0.000007  0.000000
  0.000000  0.000000  0.000000

  -0.000124  0.000014  0.000000
  0.000014  -0.000002  0.000000
  0.000000  0.000000  0.000000

  -0.000125  0.000011  0.000000
  0.000011  -0.000005  0.000000
  0.000000  0.000000  0.000000

  -0.000125  0.000006  0.000000
  0.000006  -0.000001  0.000000
  0.000000  0.000000  0.000000

  -0.000126  0.000011  0.000000
  0.000011  0.000002  0.000000
  0.000000  0.000000  0.000000

  -0.000127  0.000009  0.000000
  0.000009  0.000001  0.000000
  0.000000  0.000000  0.000000

  -0.000126  0.000005  0.000000
  0.000005  0.000003  0.000000
  0.000000  0.000000  0.000000

  -0.000127  0.000005  0.000000
  0.000005  0.000007  0.000000
  0.000000  0.000000  0.000000

  -0.000127  0.000008  0.000000
  0.000008  0.000007  0.000000
  0.000000  0.000000  0.000000

  -0.000128  0.000006  0.000000
  0.000006  0.000004  0.000000
  0.000000  0.000000  0.000000

  -0.000129  0.000012  0.000000
  0.000012  0.000004  0.000000
  0.000000  0.000000  0.000000

  -0.000129  0.000009  0.000000
  0.000009  0.000008  0.000000
  0.000000  0.000000  0.000000

  -0.000130  0.000009  0.000000
  0.000009  0.000008  0.000000
  0.000000  0.000000  0.000000

  -0.000128  0.000004  0.000000
  0.000004  0.000010  0.000000
  0.000000  0.000000  0.000000

  -0.000163  -0.000003  0.000000
  -0.000003  0.000010  0.000000
  0.000000  0.000000  0.000000

  -0.000135  -0.000064  0.000000
  -0.000064  0.000005  0.000000
  0.000000  0.000000  0.000000

  -0.000105  -0.000067  0.000000
  -0.000067  0.000003  0.000000
  0.000000  0.000000  0.000000

  -0.000103  -0.000070  0.000000
  -0.000070  -0.000010  0.000000
  0.000000  0.000000  0.000000

  -0.000065  -0.000057  0.000000
  -0.000057  -0.000016  0.000000
  0.000000  0.000000  0.000000

  -0.000049  -0.000071  0.000000
  -0.000071  -0.000017  0.000000
  0.000000  0.000000  0.000000

  -0.000102  -0.000053  0.000000
  -0.000053  -0.000013  0.000000
  0.000000  0.000000  0.000000

  -0.000056  -0.000049  0.000000
  -0.000049  -0.000018  0.000000
  0.000000  0.000000  0.000000

  -0.000102  -0.000054  0.000000
  -0.000054  -0.000002  0.000000
  0.000000  0.000000  0.000000

  -0.000026  -0.000043  0.000000
  -0.000043  -0.000026  0.000000
  0.000000  0.000000  0.000000

  -0.000002  -0.000038  0.000000
  -0.000038  -0.000025  0.000000
  0.000000  0.000000  0.000000

  -0.000069  -0.000044  0.000000
  -0.000044  -0.000024  0.000000
  0.000000  0.000000  0.000000

  -0.000034  -0.000013  0.000000
  -0.000013  -0.000016  0.000000
  0.000000  0.000000  0.000000

  -0.000028  -0.000007  0.000000
  -0.000007  0.000017  0.000000
  0.000000  0.000000  0.000000

  -0.000049  -0.000038  0.000000
  -0.000038  -0.000026  0.000000
  0.000000  0.000000  0.000000

  -0.000080  -0.000034  0.000000
  -0.000034  -0.000025  0.000000
  0.000000  0.000000  0.000000

  -0.000049  -0.000013  0.000000
  -0.000013  -0.000029  0.000000
  0.000000  0.000000  0.000000

  -0.000077  -0.000044  0.000000
  -0.000044  -0.000015  0.000000
  0.000000  0.000000  0.000000

  -0.000064  -0.000028  0.000000
  -0.000028  -0.000024  0.000000
  0.000000  0.000000  0.000000

  -0.000103  -0.000041  0.000000
  -0.000041  -0.000014  0.000000
  0.000000  0.000000  0.000000

  -0.000087  -0.000026  0.000000
  -0.000026  -0.000022  0.000000
  0.000000  0.000000  0.000000

  -0.000102  -0.000043  0.000000
  -0.000043  -0.000005  0.000000
  0.000000  0.000000  0.000000

  -0.000086  -0.000034  0.000000
  -0.000034  -0.000015  0.000000
  0.000000  0.000000  0.000000

  -0.000125  -0.000050  0.000000
  -0.000050  -0.000001  0.000000
  0.000000  0.000000  0.000000

  -0.000106  -0.000031  0.000000
  -0.000031  -0.000015  0.000000
  0.000000  0.000000  0.000000

  -0.000127  -0.000044  0.000000
  -0.000044  0.000007  0.000000
  0.000000  0.000000  0.000000

  -0.000105  -0.000034  0.000000
  -0.000034  -0.000007  0.000000
  0.000000  0.000000  0.000000

  -0.000137  -0.000041  0.000000
  -0.000041  0.000006  0.000000
  0.000000  0.000000  0.000000

  -0.000120  -0.000039  0.000000
  -0.000039  -0.000006  0.000000
  0.000000  0.000000  0.000000

  -0.000121  -0.000037  0.000000
  -0.000037  0.000002  0.000000
  0.000000  0.000000  0.000000

  -0.000128  -0.000018  0.000000
  -0.000018  0.000003  0.000000
  0.000000  0.000000  0.000000

  -0.000129  -0.000016  0.000000
  -0.000016  0.000002  0.000000
  0.000000  0.000000  0.000000

  -0.000127  -0.000020  0.000000
  -0.000020  -0.000001  0.000000
  0.000000  0.000000  0.000000

  -0.000130  -0.000014  0.000000
  -0.000014  0.000005  0.000000
  0.000000  0.000000  0.000000

  -0.000123  -0.000018  0.000000
  -0.000018  -0.000001  0.000000
  0.000000  0.000000  0.000000

  -0.000132  -0.000015  0.000000
  -0.000015  0.000005  0.000000
  0.000000  0.000000  0.000000

  -0.000126  -0.000015  0.000000
  -0.000015  -0.000003  0.000000
  0.000000  0.000000  0.000000

  -0.000133  -0.000012  0.000000
  -0.000012  0.000008  0.000000
  0.000000  0.000000  0.000000

  -0.000126  -0.000015  0.000000
  -0.000015  0.000003  0.000000
  0.000000  0.000000  0.000000

  -0.000124  -0.000013  0.000000
  -0.000013  -0.000002  0.000000
  0.000000  0.000000  0.000000

  -0.000134  -0.000012  0.000000
  -0.000012  0.000008  0.000000
  0.000000  0.000000  0.000000

  -0.000125  -0.000009  0.000000
  -0.000009  -0.000006  0.000000
  0.000000  0.000000  0.000000

  -0.000124  -0.000012  0.000000
  -0.000012  -0.000007  0.000000
  0.000000  0.000000  0.000000

  -0.000137  -0.000013  0.000000
  -0.000013  0.000008  0.000000
  0.000000  0.000000  0.000000

  -0.000125  -0.000010  0.000000
  -0.000010  0.000001  0.000000
  0.000000  0.000000  0.000000

  -0.000122  -0.000011  0.000000
  -0.000011  -0.000006  0.000000
  0.000000  0.000000  0.000000

  -0.000138  -0.000013  0.000000
  -0.000013  0.000009  0.000000
  0.000000  0.000000  0.000000

  -0.000127  -0.000011  0.000000
  -0.000011  0.000000  0.000000
  0.000000  0.000000  0.000000

  -0.000124  -0.000005  0.000000
  -0.000005  -0.000010  0.000000
  0.000000  0.000000  0.000000

  -0.000128  -0.000010  0.000000
  -0.000010  0.000007  0.000000
  0.000000  0.000000  0.000000

  -0.000129  -0.000012  0.000000
  -0.000012  0.000004  0.000000
  0.000000  0.000000  0.000000

  -0.000128  -0.000007  0.000000
  -0.000007  0.000003  0.000000
  0.000000  0.000000  0.000000

  -0.000130  -0.000010  0.000000
  -0.000010  0.000008  0.000000
  0.000000  0.000000  0.000000

  -0.000131  -0.000011  0.000000
  -0.000011  0.000007  0.000000
  0.000000  0.000000  0.000000

  -0.000129  -0.000008  0.000000
  -0.000008  0.000006  0.000000
  0.000000  0.000000  0.000000

  -0.000132  -0.000008  0.000000
  -0.000008  0.000010  0.000000
  0.000000  0.000000  0.000000

  -0.000130  -0.000005  0.000000
  -0.000005  0.000012  0.000000
  0.000000  0.000000  0.000000

  -0.000128  -0.000005  0.000000
  -0.000005  0.000010  0.000000
  0.000000  0.000000  0.000000

  -0.000132  -0.000008  0.000000
  -0.000008  0.000009  0.000000
  0.000000  0.000000  0.000000

  -0.000130  -0.000007  0.000000
  -0.000007  0.000009  0.000000
  0.000000  0.000000  0.000000

  -0.000135  -0.000009  0.000000
  -0.000009  0.000009  0.000000
  0.000000  0.000000  0.000000

  -0.000134  -0.000005  0.000000
  -0.000005  0.000010  0.000000
  0.000000  0.000000  0.000000

  -0.000136  -0.000009  0.000000
  -0.000009  0.000009  0.000000
  0.000000  0.000000  0.000000

  -0.000134  -0.000005  0.000000
  -0.000005  0.000009  0.000000
  0.000000  0.000000  0.000000

  -0.000131  -0.000005  0.000000
  -0.000005  0.000010  0.000000
  0.000000  0.000000  0.000000

  -0.000139  -0.000008  0.000000
  -0.000008  0.000009  0.000000
  0.000000  0.000000  0.000000

  -0.000137  -0.000004  0.000000
  -0.000004  0.000009  0.000000
  0.000000  0.000000  0.000000

  -0.000131  -0.000003  0.000000
  -0.000003  0.000012  0.000000
  0.000000  0.000000  0.000000

  -0.000140  -0.000008  0.000000
  -0.000008  0.000010  0.000000
  0.000000  0.000000  0.000000

  -0.000109  -0.000090  0.000000
  -0.000090  -0.000007  0.000000
  0.000000  0.000000  0.000000

  -0.000027  -0.000083  0.000000
  -0.000083  -0.000042  0.000000
  0.000000  0.000000  0.000000

  -0.000113  -0.000080  0.000000
  -0.000080  0.000005  0.000000
  0.000000  0.000000  0.000000

  -0.000037  -0.000036  0.000000
  -0.000036  0.000008  0.000000
  0.000000  0.000000  0.000000

  -0.000020  -0.000032  0.000000
  -0.000032  -0.000007  0.000000
  0.000000  0.000000  0.000000

  -0.000037  -0.000040  0.000000
  -0.000040  0.000043  0.000000
  0.000000  0.000000  0.000000

  0.000003  -0.000018  0.000000
  -0.000018  0.000003  0.000000
  0.000000  0.000000  0.000000

  -0.000187  -0.000108  0.000000
  -0.000108  0.000034  0.000000
  0.000000  0.000000  0.000000

  -0.000251  -0.000081  0.000000
  -0.000081  0.000027  0.000000
  0.000000  0.000000  0.000000

  -0.000208  -0.000043  0.000000
  -0.000043  0.000027  0.000000
  0.000000  0.000000  0.000000

  -0.000225  -0.000056  0.000000
  -0.000056  0.000018  0.000000
  0.000000  0.000000  0.000000

  -0.000196  -0.000060  0.000000
  -0.000060  0.000038  0.000000
  0.000000  0.000000  0.000000

  -0.000226  -0.000032  0.000000
  -0.000032  -0.000000  0.000000
  0.000000  0.000000  0.000000

  -0.000092  -0.000165  0.000000
  -0.000165  -0.000081  0.000000
  0.000000  0.000000  0.000000

  -0.000241  -0.000007  0.000000
  -0.000007  0.000025  0.000000
  0.000000  0.000000  0.000000

  -0.000209  -0.000021  0.000000
  -0.000021  0.000030  0.000000
  0.000000  0.000000  0.000000

  -0.000228  -0.000012  0.000000
  -0.000012  0.000008  0.000000
  0.000000  0.000000  0.000000

  -0.000209  -0.000021  0.000000
  -0.000021  0.000031  0.000000
  0.000000  0.000000  0.000000

  -0.000253  -0.000003  0.000000
  -0.000003  0.000005  0.000000
  0.000000  0.000000  0.000000

  -0.000219  0.000010  0.000000
  0.000010  0.000023  0.000000
  0.000000  0.000000  0.000000

  -0.000257  -0.000070  0.000000
  -0.000070  -0.000029  0.000000
  0.000000  0.000000  0.000000

  -0.000251  -0.000018  0.000000
  -0.000018  -0.000015  0.000000
  0.000000  0.000000  0.000000

  -0.000198  0.000014  0.000000
  0.000014  0.000017  0.000000
  0.000000  0.000000  0.000000

  -0.000306  -0.000030  0.000000
  -0.000030  -0.000000  0.000000
  0.000000  0.000000  0.000000

  -0.000240  0.000021  0.000000
  0.000021  0.000017  0.000000
  0.000000  0.000000  0.000000

  -0.000205  0.000034  0.000000
  0.000034  0.000009  0.000000
  0.000000  0.000000  0.000000

  -0.000304  -0.000044  0.000000
  -0.000044  0.000044  0.000000
  0.000000  0.000000  0.000000

  -0.000212  0.000023  0.000000
  0.000023  0.000001  0.000000
  0.000000  0.000000  0.000000

  -0.000174  0.000042  0.000000
  0.000042  0.000001  0.000000
  0.000000  0.000000  0.000000

  -0.000267  0.000031  0.000000
  0.000031  0.000003  0.000000
  0.000000  0.000000  0.000000

  -0.000220  0.000046  0.000000
  0.000046  0.000007  0.000000
  0.000000  0.000000  0.000000

  -0.000216  0.000041  0.000000
  0.000041  -0.000016  0.000000
  0.000000  0.000000  0.000000

  -0.000209  0.000036  0.000000
  0.000036  -0.000014  0.000000
  0.000000  0.000000  0.000000

  -0.000124  -0.000007  0.000000
  -0.000007  -0.000004  0.000000
  0.000000  0.000000  0.000000

  -0.000128  -0.000003  0.000000
  -0.000003  0.000011  0.000000
  0.000000  0.000000  0.000000

  -0.000430  -0.000101  0.000000
  -0.000101  0.000019  0.000000
  0.000000  0.000000  0.000000

  -0.000344  -0.000011  0.000000
  -0.000011  0.000064  0.000000
  0.000000  0.000000  0.000000

  -0.000153  -0.000081  0.000000
  -0.000081  0.000012  0.000000
  0.000000  0.000000  0.000000

  -0.000162  -0.000055  0.000000
  -0.000055  0.000023  0.000000
  0.000000  0.000000  0.000000

  -0.000180  -0.000169  0.000000
  -0.000169  -0.000030  0.000000
  0.000000  0.000000  0.000000

  -0.000210  0.000012  0.000000
  0.000012  0.000034  0.000000
  0.000000  0.000000  0.000000

  -0.000233  0.000017  0.000000
  0.000017  0.000036  0.000000
  0.000000  0.000000  0.000000

  -0.000210  0.000046  0.000000
  0.000046  0.000033  0.000000
  0.000000  0.000000  0.000000

  -0.000233  -0.000022  0.000000
  -0.000022  0.000028  0.000000
  0.000000  0.000000  0.000000

  -0.000239  0.000000  0.000000
  0.000000  0.000019  0.000000
  0.000000  0.000000  0.000000

  -0.000189  0.000044  0.000000
  0.000044  0.000023  0.000000
  0.000000  0.000000  0.000000

  -0.000249  -0.000013  0.000000
  -0.000013  0.000023  0.000000
  0.000000  0.000000  0.000000

  -0.000239  0.000052  0.000000
  0.000052  0.000033  0.000000
  0.000000  0.000000  0.000000

  -0.000227  -0.000068  0.000000
  -0.000068  -0.000018  0.000000
  0.000000  0.000000  0.000000

  -0.000296  -0.000103  0.000000
  -0.000103  -0.000018  0.000000
  0.000000  0.000000  0.000000

  -0.000253  -0.000035  0.000000
  -0.000035  -0.000007  0.000000
  0.000000  0.000000  0.000000

  -0.000230  0.000023  0.000000
  0.000023  0.000006  0.000000
  0.000000  0.000000  0.000000

  -0.000275  -0.000035  0.000000
  -0.000035  0.000006  0.000000
  0.000000  0.000000  0.000000

  -0.000253  0.000003  0.000000
  0.000003  0.000020  0.000000
  0.000000  0.000000  0.000000

  -0.000426  -0.000073  0.000000
  -0.000073  0.000052  0.000000
  0.000000  0.000000  0.000000

  -0.000316  -0.000037  0.000000
  -0.000037  0.000062  0.000000
  0.000000  0.000000  0.000000

  -0.000281  -0.000037  0.000000
  -0.000037  0.000005  0.000000
  0.000000  0.000000  0.000000

  -0.000266  -0.000016  0.000000
  -0.000016  0.000003  0.000000
  0.000000  0.000000  0.000000

  -0.000316  -0.000034  0.000000
  -0.000034  0.000025  0.000000
  0.000000  0.000000  0.000000

  -0.000281  -0.000005  0.000000
  -0.000005  -0.000004  0.000000
  0.000000  0.000000  0.000000

  -0.000330  -0.000025  0.000000
  -0.000025  0.000053  0.000000
  0.000000  0.000000  0.000000

  -0.000318  -0.000005  0.000000
  -0.000005  0.000063  0.000000
  0.000000  0.000000  0.000000

  -0.000315  -0.000009  0.000000
  -0.000009  0.000042  0.000000
  0.000000  0.000000  0.000000

  -0.000301  0.000005  0.000000
  0.000005  0.000018  0.000000
  0.000000  0.000000  0.000000

  -0.000319  -0.000008  0.000000
  -0.000008  0.000044  0.000000
  0.000000  0.000000  0.000000

  -0.000315  0.000006  0.000000
  0.000006  0.000022  0.000000
  0.000000  0.000000  0.000000

  -0.000315  0.000071  0.000000
  0.000071  -0.000016  0.000000
  0.000000  0.000000  0.000000

  -0.000304  -0.000007  0.000000
  -0.000007  0.000055  0.000000
  0.000000  0.000000  0.000000

  -0.000324  0.000008  0.000000
  0.000008  0.000064  0.000000
  0.000000  0.000000  0.000000

  -0.000350  0.000020  0.000000
  0.000020  0.000050  0.000000
  0.000000  0.000000  0.000000

  -0.000335  0.000011  0.000000
  0.000011  0.000054  0.000000
  0.000000  0.000000  0.000000

  -0.000350  0.000032  0.000000
  0.000032  0.000061  0.000000
  0.000000  0.000000  0.000000

  -0.000335  0.000010  0.000000
  0.000010  0.000060  0.000000
  0.000000  0.000000  0.000000

  -0.000354  0.000016  0.000000
  0.000016  0.000066  0.000000
  0.000000  0.000000  0.000000

  -0.000324  0.000007  0.000000
  0.000007  0.000058  0.000000
  0.000000  0.000000  0.000000

  -0.000341  0.000013  0.000000
  0.000013  0.000065  0.000000
  0.000000  0.000000  0.000000

  -0.000354  0.000017  0.000000
  0.000017  0.000071  0.000000
  0.000000  0.000000  0.000000

  -0.000309  0.000000  0.000000
  0.000000  0.000060  0.000000
  0.000000  0.000000  0.000000

  -0.000319  0.000010  0.000000
  0.000010  0.000060  0.000000
  0.000000  0.000000  0.000000

  -0.000341  0.000012  0.000000
  0.000012  0.000069  0.000000
  0.000000  0.000000  0.000000

  -0.000334  0.000014  0.000000
  0.000014  0.000064  0.000000
  0.000000  0.000000  0.000000

  -0.000169  0.000040  0.000000
  0.000040  0.000026  0.000000
  0.000000  0.000000  0.000000

  -0.000169  0.000058  0.000000
  0.000058  0.000015  0.000000
  0.000000  0.000000  0.000000

  -0.000131  0.000066  0.000000
  0.000066  0.000011  0.000000
  0.000000  0.000000  0.000000

  -0.000126  0.000051  0.000000
  0.000051  0.000010  0.000000
  0.000000  0.000000  0.000000

  -0.000192  0.000073  0.000000
  0.000073  0.000024  0.000000
  0.000000  0.000000  0.000000

  -0.000131  0.000071  0.000000
  0.000071  -0.000002  0.000000
  0.000000  0.000000  0.000000

  -0.000126  0.000054  0.000000
  0.000054  -0.000005  0.000000
  0.000000  0.000000  0.000000

  -0.000138  0.000080  0.000000
  0.000080  0.000007  0.000000
  0.000000  0.000000  0.000000

  -0.000071  0.000078  0.000000
  0.000078  -0.000014  0.000000
  0.000000  0.000000  0.000000

  -0.000086  0.000063  0.000000
  0.000063  -0.000008  0.000000
  0.000000  0.000000  0.000000

  -0.000255  0.000083  0.000000
  0.000083  0.000041  0.000000
  0.000000  0.000000  0.000000

  -0.000138  0.000090  0.000000
  0.000090  0.000004  0.000000
  0.000000  0.000000  0.000000

  -0.000086  0.000051  0.000000
  0.000051  -0.000021  0.000000
  0.000000  0.000000  0.000000

  -0.000013  0.000070  0.000000
  0.000070  -0.000057  0.000000
  0.000000  0.000000  0.000000

  -0.000041  0.000059  0.000000
  0.000059  -0.000027  0.000000
  0.000000  0.000000  0.000000

  -0.000060  0.000047  0.000000
  0.000047  -0.000024  0.000000
  0.000000  0.000000  0.000000

  -0.000073  0.000058  0.000000
  0.000058  -0.000015  0.000000
  0.000000  0.000000  0.000000

  -0.000041  0.000029  0.000000
  0.000029  -0.000027  0.000000
  0.000000  0.000000  0.000000

  -0.000018  0.000062  0.000000
  0.000062  -0.000032  0.000000
  0.000000  0.000000  0.000000

  -0.000016  0.000034  0.000000
  0.000034  -0.000030  0.000000
  0.000000  0.000000  0.000000

  -0.000040  0.000021  0.000000
  0.000021  0.000009  0.000000
  0.000000  0.000000  0.000000

  -0.000018  0.000014  0.000000
  0.000014  -0.000002  0.000000
  0.000000  0.000000  0.000000

  -0.000003  0.000020  0.000000
  0.000020  0.000000  0.000000
  0.000000  0.000000  0.000000

  -0.000253  0.000046  0.000000
  0.000046  -0.000016  0.000000
  0.000000  0.000000  0.000000

  -0.000351  0.000014  0.000000
  0.000014  0.000070  0.000000
  0.000000  0.000000  0.000000

  -0.000343  0.000014  0.000000
  0.000014  0.000067  0.000000
  0.000000  0.000000  0.000000

  -0.000351  0.000013  0.000000
  0.000013  0.000072  0.000000
  0.000000  0.000000  0.000000

  -0.000342  0.000011  0.000000
  0.000011  0.000068  0.000000
  0.000000  0.000000  0.000000

  -0.000344  0.000014  0.000000
  0.000014  0.000068  0.000000
  0.000000  0.000000  0.000000

  -0.000017  0.000004  0.000000
  0.000004  -0.000021  0.000000
  0.000000  0.000000  0.000000

  -0.000006  0.000019  0.000000
  0.000019  -0.000006  0.000000
  0.000000  0.000000  0.000000

  -0.000018  0.000016  0.000000
  0.000016  -0.000034  0.000000
  0.000000  0.000000  0.000000

  -0.000008  -0.000010  0.000000
  -0.000010  0.000021  0.000000
  0.000000  0.000000  0.000000

  -0.000348  0.000013  0.000000
  0.000013  0.000068  0.000000
  0.000000  0.000000  0.000000

  -0.000344  0.000014  0.000000
  0.000014  0.000065  0.000000
  0.000000  0.000000  0.000000

  -0.000347  0.000010  0.000000
  0.000010  0.000071  0.000000
  0.000000  0.000000  0.000000

  -0.000340  0.000013  0.000000
  0.000013  0.000064  0.000000
  0.000000  0.000000  0.000000

  -0.000345  0.000015  0.000000
  0.000015  0.000065  0.000000
  0.000000  0.000000  0.000000

  -0.000344  0.000013  0.000000
  0.000013  0.000068  0.000000
  0.000000  0.000000  0.000000

  -0.000339  0.000014  0.000000
  0.000014  0.000051  0.000000
  0.000000  0.000000  0.000000

  -0.000323  0.000002  0.000000
  0.000002  0.000017  0.000000
  0.000000  0.000000  0.000000

  -0.000339  0.000010  0.000000
  0.000010  0.000063  0.000000
  0.000000  0.000000  0.000000

  -0.000045  -0.000013  0.000000
  -0.000013  -0.000030  0.000000
  0.000000  0.000000  0.000000

  -0.000120  0.000003  0.000000
  0.000003  -0.000014  0.000000
  0.000000  0.000000  0.000000

  -0.000131  0.000002  0.000000
  0.000002  0.000014  0.000000
  0.000000  0.000000  0.000000

  -0.000129  -0.000000  0.000000
  -0.000000  0.000015  0.000000
  0.000000  0.000000  0.000000

  -0.000130  -0.000002  0.000000
  -0.000002  0.000012  0.000000
  0.000000  0.000000  0.000000

  -0.000130  -0.000001  0.000000
  -0.000001  0.000015  0.000000
  0.000000  0.000000  0.000000

  -0.000132  -0.000001  0.000000
  -0.000001  0.000012  0.000000
  0.000000  0.000000  0.000000

  -0.000129  -0.000001  0.000000
  -0.000001  0.000015  0.000000
  0.000000  0.000000  0.000000

  -0.000131  -0.000001  0.000000
  -0.000001  0.000021  0.000000
  0.000000  0.000000  0.000000

  -0.000129  -0.000001  0.000000
  -0.000001  0.000015  0.000000
  0.000000  0.000000  0.000000

  -0.000130  -0.000004  0.000000
  -0.000004  0.000013  0.000000
  0.000000  0.000000  0.000000

  -0.000056  -0.000011  0.000000
  -0.000011  -0.000035  0.000000
  0.000000  0.000000  0.000000

  -0.000033  0.000035  0.000000
  0.000035  -0.000030  0.000000
  0.000000  0.000000  0.000000

  -0.000068  0.000032  0.000000
  0.000032  -0.000028  0.000000
  0.000000  0.000000  0.000000

  -0.000061  0.000050  0.000000
  0.000050  -0.000023  0.000000
  0.000000  0.000000  0.000000

  -0.000457  0.000058  0.000000
  0.000058  0.000061  0.000000
  0.000000  0.000000  0.000000

  -0.000055  0.000039  0.000000
  0.000039  0.000029  0.000000
  0.000000  0.000000  0.000000

  -0.000129  0.000002  0.000000
  0.000002  0.000014  0.000000
  0.000000  0.000000  0.000000

  -0.000355  0.000025  0.000000
  0.000025  0.000060  0.000000
  0.000000  0.000000  0.000000

  -0.000113  0.000005  0.000000
  0.000005  -0.000015  0.000000
  0.000000  0.000000  0.000000

  -0.000102  -0.000005  0.000000
  -0.000005  -0.000016  0.000000
  0.000000  0.000000  0.000000

  -0.000102  -0.000007  0.000000
  -0.000007  -0.000018  0.000000
  0.000000  0.000000  0.000000

  -0.000108  -0.000004  0.000000
  -0.000004  -0.000015  0.000000
  0.000000  0.000000  0.000000

  -0.000092  -0.000008  0.000000
  -0.000008  -0.000021  0.000000
  0.000000  0.000000  0.000000

  -0.000097  -0.000017  0.000000
  -0.000017  -0.000015  0.000000
  0.000000  0.000000  0.000000

  -0.000108  -0.000012  0.000000
  -0.000012  -0.000012  0.000000
  0.000000  0.000000  0.000000

  -0.000110  -0.000004  0.000000
  -0.000004  -0.000014  0.000000
  0.000000  0.000000  0.000000

  -0.000083  -0.000009  0.000000
  -0.000009  -0.000022  0.000000
  0.000000  0.000000  0.000000

  -0.000112  -0.000014  0.000000
  -0.000014  -0.000014  0.000000
  0.000000  0.000000  0.000000

  -0.000115  -0.000010  0.000000
  -0.000010  -0.000012  0.000000
  0.000000  0.000000  0.000000

  -0.000114  -0.000003  0.000000
  -0.000003  -0.000014  0.000000
  0.000000  0.000000  0.000000

  -0.000113  -0.000016  0.000000
  -0.000016  -0.000009  0.000000
  0.000000  0.000000  0.000000

  -0.000114  -0.000009  0.000000
  -0.000009  -0.000012  0.000000
  0.000000  0.000000  0.000000

  -0.000116  -0.000003  0.000000
  -0.000003  -0.000013  0.000000
  0.000000  0.000000  0.000000

  -0.000120  -0.000013  0.000000
  -0.000013  -0.000010  0.000000
  0.000000  0.000000  0.000000

  -0.000119  -0.000007  0.000000
  -0.000007  -0.000012  0.000000
  0.000000  0.000000  0.000000

  -0.000119  -0.000012  0.000000
  -0.000012  -0.000009  0.000000
  0.000000  0.000000  0.000000

  -0.000119  -0.000007  0.000000
  -0.000007  -0.000012  0.000000
  0.000000  0.000000  0.000000

  -0.000121  -0.000004  0.000000
  -0.000004  -0.000015  0.000000
  0.000000  0.000000  0.000000

  -0.000118  -0.000002  0.000000
  -0.000002  -0.000014  0.000000
  0.000000  0.000000  0.000000

  -0.000121  -0.000008  0.000000
  -0.000008  -0.000012  0.000000
  0.000000  0.000000  0.000000

  -0.000122  -0.000004  0.000000
  -0.000004  -0.000013  0.000000
  0.000000  0.000000  0.000000

  -0.000122  -0.000004  0.000000
  -0.000004  -0.000014  0.000000
  0.000000  0.000000  0.000000

  -0.000120  -0.000003  0.000000
  -0.000003  -0.000015  0.000000
  0.000000  0.000000  0.000000

  -0.000121  0.000000  0.000000
  0.000000  -0.000018  0.000000
  0.000000  0.000000  0.000000

  -0.000119  -0.000018  0.000000
  -0.000018  -0.000010  0.000000
  0.000000  0.000000  0.000000

  -0.000093  0.000006  0.000000
  0.000006  -0.000019  0.000000
  0.000000  0.000000  0.000000

  -0.000206  0.000083  0.000000
  0.000083  -0.000013  0.000000
  0.000000  0.000000  0.000000

  -0.000079  -0.000024  0.000000
  -0.000024  -0.000004  0.000000
  0.000000  0.000000  0.000000

  -0.000018  0.000005  0.000000
  0.000005  -0.000017  0.000000
  0.000000  0.000000  0.000000

  -0.000033  0.000046  0.000000
  0.000046  -0.000017  0.000000
  0.000000  0.000000  0.000000

  -0.000006  0.000021  0.000000
  0.000021  -0.000005  0.000000
  0.000000  0.000000  0.000000

  0.000004  0.000001  0.000000
  0.000001  0.000016  0.000000
  0.000000  0.000000  0.000000

  -0.000351  0.000007  0.000000
  0.000007  0.000068  0.000000
  0.000000  0.000000  0.000000

  -0.000310  0.000008  0.000000
  0.000008  0.000047  0.000000
  0.000000  0.000000  0.000000

  -0.000310  0.000019  0.000000
  0.000019  0.000054  0.000000
  0.000000  0.000000  0.000000

  -0.000360  -0.000009  0.000000
  -0.000009  0.000071  0.000000
  0.000000  0.000000  0.000000

  -0.000198  -0.000093  0.000000
  -0.000093  0.000005  0.000000
  0.000000  0.000000  0.000000

  -0.000027  -0.000015  0.000000
  -0.000015  0.000075  0.000000
  0.000000  0.000000  0.000000

  -0.000026  -0.000044  0.000000
  -0.000044  0.000020  0.000000
  0.000000  0.000000  0.000000

  -0.000034  0.000040  0.000000
  0.000040  0.000029  0.000000
  0.000000  0.000000  0.000000

  -0.000024  -0.000011  0.000000
  -0.000011  0.000077  0.000000
  0.000000  0.000000  0.000000

  -0.000025  0.000011  0.000000
  0.000011  0.000079  0.000000
  0.000000  0.000000  0.000000

  -0.000187  -0.000031  0.000000
  -0.000031  0.000035  0.000000
  0.000000  0.000000  0.000000

  -0.000035  0.000017  0.000000
  0.000017  0.000077  0.000000
  0.000000  0.000000  0.000000

  -0.000030  0.000008  0.000000
  0.000008  0.000019  0.000000
  0.000000  0.000000  0.000000

  0.000016  0.000027  0.000000
  0.000027  -0.000018  0.000000
  0.000000  0.000000  0.000000

  -0.000050  0.000057  0.000000
  0.000057  -0.000005  0.000000
  0.000000  0.000000  0.000000

  0.000005  0.000023  0.000000
  0.000023  -0.000002  0.000000
  0.000000  0.000000  0.000000

  -0.000254  -0.000077  0.000000
  -0.000077  -0.000030  0.000000
  0.000000  0.000000  0.000000

  -0.000229  -0.000051  0.000000
  -0.000051  -0.000003  0.000000
  0.000000  0.000000  0.000000

  -0.000454  -0.000105  0.000000
  -0.000105  0.000021  0.000000
  0.000000  0.000000  0.000000

  -0.000212  -0.000079  0.000000
  -0.000079  0.000009  0.000000
  0.000000  0.000000  0.000000

  -0.000143  -0.000156  0.000000
  -0.000156  -0.000052  0.000000
  0.000000  0.000000  0.000000

  -0.000080  -0.000006  0.000000
  -0.000006  -0.000032  0.000000
  0.000000  0.000000  0.000000

  -0.000374  0.000022  0.000000
  0.000022  0.000066  0.000000
  0.000000  0.000000  0.000000

  -0.000123  -0.000008  0.000000
  -0.000008  -0.000010  0.000000
  0.000000  0.000000  0.000000

  -0.000335  -0.000007  0.000000
  -0.000007  0.000056  0.000000
  0.000000  0.000000  0.000000

  -0.000323  -0.000007  0.000000
  -0.000007  0.000065  0.000000
  0.000000  0.000000  0.000000

  -0.000398  -0.000028  0.000000
  -0.000028  0.000063  0.000000
  0.000000  0.000000  0.000000

  -0.000005  -0.000022  0.000000
  -0.000022  -0.000014  0.000000
  0.000000  0.000000  0.000000

  -0.000035  0.000139  0.000000
  0.000139  -0.000093  0.000000
  0.000000  0.000000  0.000000

  -0.000108  0.000006  0.000000
  0.000006  -0.000014  0.000000
  0.000000  0.000000  0.000000

  -0.000020  -0.000020  0.000000
  -0.000020  -0.000033  0.000000
  0.000000  0.000000  0.000000

  -0.000019  -0.000022  0.000000
  -0.000022  -0.000068  0.000000
  0.000000  0.000000  0.000000

  -0.000040  -0.000006  0.000000
  -0.000006  -0.000028  0.000000
  0.000000  0.000000  0.000000

  -0.000014  0.000042  0.000000
  0.000042  0.000027  0.000000
  0.000000  0.000000  0.000000

  -0.000052  -0.000132  0.000000
  -0.000132  -0.000071  0.000000
  0.000000  0.000000  0.000000

  -0.000079  -0.000009  0.000000
  -0.000009  -0.000027  0.000000
  0.000000  0.000000  0.000000

  -0.000064  -0.000009  0.000000
  -0.000009  -0.000027  0.000000
  0.000000  0.000000  0.000000

  -0.000110  0.000002  0.000000
  0.000002  -0.000013  0.000000
  0.000000  0.000000  0.000000

  -0.000115  0.000003  0.000000
  0.000003  -0.000013  0.000000
  0.000000  0.000000  0.000000

  -0.000124  -0.000014  0.000000
  -0.000014  -0.000004  0.000000
  0.000000  0.000000  0.000000

  -0.000124  -0.000010  0.000000
  -0.000010  0.000005  0.000000
  0.000000  0.000000  0.000000

  -0.000111  -0.000008  0.000000
  -0.000008  -0.000003  0.000000
  0.000000  0.000000  0.000000

  -0.000128  -0.000008  0.000000
  -0.000008  0.000005  0.000000
  0.000000  0.000000  0.000000

  -0.000076  -0.000004  0.000000
  -0.000004  -0.000031  0.000000
  0.000000  0.000000  0.000000

  -0.000076  0.000009  0.000000
  0.000009  -0.000027  0.000000
  0.000000  0.000000  0.000000

  -0.000109  -0.000021  0.000000
  -0.000021  -0.000009  0.000000
  0.000000  0.000000  0.000000

  -0.000117  -0.000020  0.000000
  -0.000020  -0.000005  0.000000
  0.000000  0.000000  0.000000

  -0.000376  0.000008  0.000000
  0.000008  0.000072  0.000000
  0.000000  0.000000  0.000000

  -0.000401  0.000097  0.000000
  0.000097  0.000023  0.000000
  0.000000  0.000000  0.000000

  -0.000338  -0.000006  0.000000
  -0.000006  0.000064  0.000000
  0.000000  0.000000  0.000000

  -0.000335  0.000003  0.000000
  0.000003  0.000064  0.000000
  0.000000  0.000000  0.000000

  -0.000152  0.000002  0.000000
  0.000002  0.000018  0.000000
  0.000000  0.000000  0.000000

  -0.000150  0.000001  0.000000
  0.000001  0.000016  0.000000
  0.000000  0.000000  0.000000

  -0.000025  -0.000003  0.000000
  -0.000003  0.000067  0.000000
  0.000000  0.000000  0.000000

  -0.000027  0.000015  0.000000
  0.000015  0.000074  0.000000
  0.000000  0.000000  0.000000

  -0.000120  -0.000016  0.000000
  -0.000016  -0.000005  0.000000
  0.000000  0.000000  0.000000

  -0.000108  -0.000021  0.000000
  -0.000021  -0.000015  0.000000
  0.000000  0.000000  0.000000

  -0.000355  -0.000033  0.000000
  -0.000033  0.000043  0.000000
  0.000000  0.000000  0.000000

  -0.000334  -0.000008  0.000000
  -0.000008  0.000066  0.000000
  0.000000  0.000000  0.000000

  -0.000319  -0.000000  0.000000
  -0.000000  0.000050  0.000000
  0.000000  0.000000  0.000000

  -0.000024  -0.000016  0.000000
  -0.000016  -0.000028  0.000000
  0.000000  0.000000  0.000000

  -0.000120  0.000002  0.000000
  0.000002  -0.000022  0.000000
  0.000000  0.000000  0.000000

  -0.000089  -0.000024  0.000000
  -0.000024  -0.000020  0.000000
  0.000000  0.000000  0.000000

  -0.000039  -0.000015  0.000000
  -0.000015  -0.000037  0.000000
  0.000000  0.000000  0.000000

  -0.000123  0.000180  0.000000
  0.000180  -0.000054  0.000000
  0.000000  0.000000  0.000000

  -0.000042  -0.000007  0.000000
  -0.000007  0.000034  0.000000
  0.000000  0.000000  0.000000

  -0.000435  0.000082  0.000000
  0.000082  0.000045  0.000000
  0.000000  0.000000  0.000000

  -0.000103  0.000006  0.000000
  0.000006  -0.000016  0.000000
  0.000000  0.000000  0.000000

  -0.000084  0.000000  0.000000
  0.000000  -0.000022  0.000000
  0.000000  0.000000  0.000000

  -0.000078  0.000024  0.000000
  0.000024  -0.000004  0.000000
  0.000000  0.000000  0.000000

  -0.000333  0.000004  0.000000
  0.000004  0.000068  0.000000
  0.000000  0.000000  0.000000

  -0.000362  0.000007  0.000000
  0.000007  0.000071  0.000000
  0.000000  0.000000  0.000000

  -0.000332  0.000036  0.000000
  0.000036  0.000040  0.000000
  0.000000  0.000000  0.000000

  -0.000275  -0.000006  0.000000
  -0.000006  0.000018  0.000000
  0.000000  0.000000  0.000000

  -0.000336  0.000019  0.000000
  0.000019  0.000051  0.000000
  0.000000  0.000000  0.000000

  -0.000341  0.000030  0.000000
  0.000030  0.000057  0.000000
  0.000000  0.000000  0.000000

  -0.000305  0.000057  0.000000
  0.000057  -0.000019  0.000000
  0.000000  0.000000  0.000000

  -0.000348  -0.000008  0.000000
  -0.000008  0.000069  0.000000
  0.000000  0.000000  0.000000

  -0.000029  -0.000009  0.000000
  -0.000009  0.000078  0.000000
  0.000000  0.000000  0.000000

  -0.000126  -0.000006  0.000000
  -0.000006  -0.000001  0.000000
  0.000000  0.000000  0.000000

  -0.000160  -0.000024  0.000000
  -0.000024  0.000027  0.000000
  0.000000  0.000000  0.000000

  -0.000423  0.000070  0.000000
  0.000070  0.000045  0.000000
  0.000000  0.000000  0.000000

  -0.000147  -0.000058  0.000000
  -0.000058  -0.000011  0.000000
  0.000000  0.000000  0.000000

  -0.000080  0.000008  0.000000
  0.000008  -0.000023  0.000000
  0.000000  0.000000  0.000000

  -0.000340  0.000005  0.000000
  0.000005  0.000068  0.000000
  0.000000  0.000000  0.000000

  -0.000312  -0.000007  0.000000
  -0.000007  0.000058  0.000000
  0.000000  0.000000  0.000000

  -0.000320  0.000002  0.000000
  0.000002  0.000062  0.000000
  0.000000  0.000000  0.000000

  -0.000372  -0.000013  0.000000
  -0.000013  0.000070  0.000000
  0.000000  0.000000  0.000000

  -0.000006  -0.000022  0.000000
  -0.000022  -0.000008  0.000000
  0.000000  0.000000  0.000000

  -0.000130  0.000008  0.000000
  0.000008  0.000002  0.000000
  0.000000  0.000000  0.000000

  -0.000034  0.000012  0.000000
  0.000012  0.000081  0.000000
  0.000000  0.000000  0.000000

  -0.000123  -0.000017  0.000000
  -0.000017  -0.000005  0.000000
  0.000000  0.000000  0.000000

  -0.000142  -0.000075  0.000000
  -0.000075  -0.000035  0.000000
  0.000000  0.000000  0.000000

  -0.000069  -0.000008  0.000000
  -0.000008  -0.000032  0.000000
  0.000000  0.000000  0.000000

  -0.000399  0.000017  0.000000
  0.000017  0.000071  0.000000
  0.000000  0.000000  0.000000

  -0.000137  0.000159  0.000000
  0.000159  -0.000040  0.000000
  0.000000  0.000000  0.000000

  -0.000050  0.000039  0.000000
  0.000039  -0.000020  0.000000
  0.000000  0.000000  0.000000

  -0.000150  0.000003  0.000000
  0.000003  0.000016  0.000000
  0.000000  0.000000  0.000000

  -0.000069  -0.000013  0.000000
  -0.000013  -0.000030  0.000000
  0.000000  0.000000  0.000000

  -0.000032  -0.000050  0.000000
  -0.000050  0.000029  0.000000
  0.000000  0.000000  0.000000

  -0.000093  -0.000024  0.000000
  -0.000024  -0.000015  0.000000
  0.000000  0.000000  0.000000

  -0.000295  0.000050  0.000000
  0.000050  0.000043  0.000000
  0.000000  0.000000  0.000000

  -0.000098  0.000001  0.000000
  0.000001  -0.000011  0.000000
  0.000000  0.000000  0.000000

  -0.000098  0.000001  0.000000
  0.000001  -0.000010  0.000000
  0.000000  0.000000  0.000000

  -0.000127  -0.000005  0.000000
  -0.000005  0.000007  0.000000
  0.000000  0.000000  0.000000

  -0.000148  -0.000001  0.000000
  -0.000001  0.000013  0.000000
  0.000000  0.000000  0.000000

  -0.000143  0.000001  0.000000
  0.000001  0.000010  0.000000
  0.000000  0.000000  0.000000

  -0.000143  0.000001  0.000000
  0.000001  0.000012  0.000000
  0.000000  0.000000  0.000000

  -0.000121  0.000002  0.000000
  0.000002  -0.000020  0.000000
  0.000000  0.000000  0.000000

  -0.000121  -0.000002  0.000000
  -0.000002  -0.000021  0.000000
  0.000000  0.000000  0.000000

  -0.000150  0.000001  0.000000
  0.000001  0.000016  0.000000
  0.000000  0.000000  0.000000

  -0.000150  0.000001  0.000000
  0.000001  0.000015  0.000000
  0.000000  0.000000  0.000000

  -0.000131  0.000000  0.000000
  0.000000  0.000021  0.000000
  0.000000  0.000000  0.000000

  -0.000098  0.000006  0.000000
  0.000006  -0.000019  0.000000
  0.000000  0.000000  0.000000

  -0.000124  -0.000004  0.000000
  -0.000004  -0.000008  0.000000
  0.000000  0.000000  0.000000

  -0.000125  -0.000005  0.000000
  -0.000005  -0.000001  0.000000
  0.000000  0.000000  0.000000

  -0.000147  0.000001  0.000000
  0.000001  0.000013  0.000000
  0.000000  0.000000  0.000000

  -0.000147  0.000001  0.000000
  0.000001  0.000012  0.000000
  0.000000  0.000000  0.000000

  -0.000131  0.000003  0.000000
  0.000003  0.000018  0.000000
  0.000000  0.000000  0.000000

  -0.000130  -0.000000  0.000000
  -0.000000  0.000021  0.000000
  0.000000  0.000000  0.000000

  -0.000152  -0.000001  0.000000
  -0.000001  0.000016  0.000000
  0.000000  0.000000  0.000000

  -0.000136  -0.000001  0.000000
  -0.000001  0.000008  0.000000
  0.000000  0.000000  0.000000

  -0.000124  0.000005  0.000000
  0.000005  -0.000008  0.000000
  0.000000  0.000000  0.000000

  -0.000122  0.000003  0.000000
  0.000003  -0.000015  0.000000
  0.000000  0.000000  0.000000

  -0.000130  -0.000003  0.000000
  -0.000003  0.000017  0.000000
  0.000000  0.000000  0.000000

  -0.000093  -0.000003  0.000000
  -0.000003  -0.000012  0.000000
  0.000000  0.000000  0.000000

  -0.000129  0.000004  0.000000
  0.000004  0.000012  0.000000
  0.000000  0.000000  0.000000

  -0.000145  -0.000000  0.000000
  -0.000000  0.000014  0.000000
  0.000000  0.000000  0.000000

  -0.000120  0.000001  0.000000
  0.000001  -0.000000  0.000000
  0.000000  0.000000  0.000000

  -0.000122  -0.000004  0.000000
  -0.000004  -0.000015  0.000000
  0.000000  0.000000  0.000000

  -0.000152  -0.000001  0.000000
  -0.000001  0.000015  0.000000
  0.000000  0.000000  0.000000

  -0.000123  -0.000001  0.000000
  -0.000001  0.000000  0.000000
  0.000000  0.000000  0.000000

  -0.000126  0.000005  0.000000
  0.000005  -0.000001  0.000000
  0.000000  0.000000  0.000000

  -0.000129  -0.000004  0.000000
  -0.000004  0.000012  0.000000
  0.000000  0.000000  0.000000

  -0.000013  -0.000072  0.000000
  -0.000072  -0.000073  0.000000
  0.000000  0.000000  0.000000

  -0.000213  0.000039  0.000000
  0.000039  0.000022  0.000000
  0.000000  0.000000  0.000000

  0.000005  -0.000002  0.000000
  -0.000002  0.000016  0.000000
  0.000000  0.000000  0.000000

  -0.000121  0.000000  0.000000
  0.000000  -0.000017  0.000000
  0.000000  0.000000  0.000000

  -0.000320  -0.000011  0.000000
  -0.000011  0.000056  0.000000
  0.000000  0.000000  0.000000

  -0.000004  0.000009  0.000000
  0.000009  0.000016  0.000000
  0.000000  0.000000  0.000000

  -0.000084  0.000004  0.000000
  0.000004  -0.000036  0.000000
  0.000000  0.000000  0.000000

  -0.000341  0.000007  0.000000
  0.000007  0.000063  0.000000
  0.000000  0.000000  0.000000
POINT_DATA 552
VECTORS displacements double
  0.000000  0.000048  0.000000
  0.000078  0.000000  0.000000
  0.000000  0.000052  0.000000
  0.000119  0.000033  0.000000
  0.000155  0.000000  0.000000
  0.000000  0.000062  0.000000
  0.000098  0.000061  0.000000
  0.000207  0.000039  0.000000
  0.000190  0.000060  0.000000
  0.000223  0.000000  0.000000
  0.000000  0.000072  0.000000
  0.000164  0.000071  0.000000
  0.000279  0.000064  0.000000
  0.000278  0.000043  0.000000
  0.000272  0.000075  0.000000
  0.000123  0.000074  0.000000
  0.000279  0.000000  0.000000
  0.000000  0.000072  0.000000
  0.000248  0.000076  0.000000
  0.000360  0.000069  0.000000
  0.000379  0.000081  0.000000
  0.000335  0.000045  0.000000
  0.000165  0.000070  0.000000
  0.000376  0.000079  0.000000
  0.000318  0.000000  0.000000
  0.000000  0.000064  0.000000
  0.000346  0.000069  0.000000
  0.000483  0.000085  0.000000
  0.000431  0.000069  0.000000
  0.000509  0.000083  0.000000
  0.000375  0.000040  0.000000
  0.000135  0.000058  0.000000
  0.000495  0.000069  0.000000
  0.000293  0.000056  0.000000
  0.000338  0.000000  0.000000
  0.000000  0.000050  0.000000
  0.000584  0.000080  0.000000
  0.000649  0.000082  0.000000
  0.000449  0.000052  0.000000
  0.000484  0.000051  0.000000
  0.000651  0.000071  0.000000
  0.000213  0.000044  0.000000
  0.000387  0.000008  0.000000
  0.000619  0.000045  0.000000
  0.000381  0.000036  0.000000
  0.000344  0.000000  0.000000
  0.000802  0.000066  0.000000
  0.000673  0.000049  0.000000
  0.000000  0.000033  0.000000
  0.000841  0.000057  0.000000
  0.000512  -0.000019  0.000000
  0.000546  0.000025  0.000000
  0.000787  0.000038  0.000000
  0.000150  0.000030  0.000000
  0.000303  0.000024  0.000000
  0.000726  0.000009  0.000000
  0.000458  0.000013  0.000000
  0.000977  0.000012  0.000000
  0.000988  0.000021  0.000000
  0.000368  0.000000  0.000000
  0.001049  0.000022  0.000000
  0.000390  -0.000077  0.000000
  0.000000  0.000018  0.000000
  0.000526  -0.000143  0.000000
  0.000223  0.000015  0.000000
  0.000620  -0.000005  0.000000
  0.000918  -0.000002  0.000000
  0.000371  0.000007  0.000000
  0.000752  -0.000172  0.000000
  0.001216  -0.000023  0.000000
  0.000794  -0.000029  0.000000
  0.001295  -0.000065  0.000000
  0.000517  -0.000006  0.000000
  0.001130  -0.000022  0.000000
  0.001251  -0.000142  0.000000
  0.000147  0.000007  0.000000
  0.000000  0.000006  0.000000
  0.000291  0.000004  0.000000
  0.000972  -0.000033  0.000000
  0.000661  -0.000027  0.000000
  0.000430  -0.000002  0.000000
  0.001478  -0.000093  0.000000
  0.001591  -0.000147  0.000000
  0.000803  -0.000061  0.000000
  0.001740  -0.000088  0.000000
  0.001370  -0.000051  0.000000
  0.000558  -0.000012  0.000000
  0.000207  -0.000003  0.000000
  0.000359  -0.000001  0.000000
  0.000000  -0.000006  0.000000
  0.000664  -0.000027  0.000000
  0.001164  -0.000029  0.000000
  0.001607  -0.000135  0.000000
  0.000491  -0.000000  0.000000
  0.001773  -0.000163  0.000000
  0.001945  -0.000142  0.000000
  0.002138  -0.000064  0.000000
  0.000148  -0.000012  0.000000
  0.000725  -0.000023  0.000000
  0.000603  0.000002  0.000000
  0.000294  -0.000008  0.000000
  0.001565  -0.000167  0.000000
  0.000436  -0.000001  0.000000
  0.000811  0.000012  0.000000
  0.000000  -0.000019  0.000000
  0.000686  0.000010  0.000000
  0.002101  -0.000189  0.000000
  0.000570  0.000011  0.000000
  0.001970  -0.000219  0.000000
  0.000213  -0.000021  0.000000
  0.002301  -0.000139  0.000000
  0.002511  -0.000045  0.000000
  0.001896  -0.000250  0.000000
  0.000687  0.000030  0.000000
  0.000377  -0.000014  0.000000
  0.000709  -0.000017  0.000000
  0.000530  0.000000  0.000000
  0.000000  -0.000035  0.000000
  0.002236  -0.000244  0.000000
  0.000775  0.000039  0.000000
  0.002438  -0.000194  0.000000
  0.000686  0.000021  0.000000
  0.002641  -0.000119  0.000000
  0.000152  -0.000037  0.000000
  0.002206  -0.000292  0.000000
  0.000306  -0.000032  0.000000
  0.002870  -0.000020  0.000000
  0.000813  -0.000051  0.000000
  0.000465  -0.000023  0.000000
  0.000850  0.000043  0.000000
  0.000635  -0.000007  0.000000
  0.000000  -0.000052  0.000000
  0.002759  -0.000196  0.000000
  0.000225  -0.000051  0.000000
  0.002518  -0.000294  0.000000
  0.000822  0.000012  0.000000
  0.002990  -0.000099  0.000000
  0.000381  -0.000046  0.000000
  0.003219  0.000007  0.000000
  0.001166  0.000021  0.000000
  0.000548  -0.000038  0.000000
  0.001037  0.000026  0.000000
  0.000731  -0.000026  0.000000
  0.001592  0.000169  0.000000
  0.000143  -0.000066  0.000000
  0.002841  -0.000273  0.000000
  0.003110  -0.000166  0.000000
  0.000000  -0.000064  0.000000
  0.000289  -0.000065  0.000000
  0.000938  -0.000011  0.000000
  0.001289  0.000038  0.000000
  0.000443  -0.000063  0.000000
  0.003331  -0.000094  0.000000
  0.003557  0.000028  0.000000
  0.000609  -0.000059  0.000000
  0.001921  0.000257  0.000000
  0.001519  0.000101  0.000000
  0.001171  0.000014  0.000000
  0.003554  -0.000029  0.000000
  0.000794  -0.000051  0.000000
  0.003175  -0.000242  0.000000
  0.000188  -0.000074  0.000000
  0.003448  -0.000141  0.000000
  0.000336  -0.000076  0.000000
  0.001816  0.000194  0.000000
  0.001424  0.000071  0.000000
  0.000000  -0.000075  0.000000
  0.002226  0.000299  0.000000
  0.001004  -0.000029  0.000000
  0.000479  -0.000078  0.000000
  0.003666  -0.000075  0.000000
  0.003892  0.000030  0.000000
  0.000632  -0.000078  0.000000
  0.001705  0.000147  0.000000
  0.003882  -0.000033  0.000000
  0.001243  0.000025  0.000000
  0.002142  0.000246  0.000000
  0.000111  -0.000076  0.000000
  0.003519  -0.000201  0.000000
  0.000801  -0.000068  0.000000
  0.002535  0.000300  0.000000
  0.000238  -0.000078  0.000000
  0.003788  -0.000106  0.000000
  0.001515  0.000112  0.000000
  0.000358  -0.000082  0.000000
  0.000000  -0.000074  0.000000
  0.002020  0.000194  0.000000
  0.000481  -0.000087  0.000000
  0.003986  -0.000062  0.000000
  0.004247  -0.000010  0.000000
  0.000999  -0.000028  0.000000
  0.002533  0.000254  0.000000
  0.000607  -0.000087  0.000000
  0.002854  0.000283  0.000000
  0.001811  0.000152  0.000000
  0.000127  -0.000070  0.000000
  0.003886  -0.000138  0.000000
  0.004242  -0.000073  0.000000
  0.002354  0.000202  0.000000
  0.000258  -0.000072  0.000000
  0.005580  0.000000  0.000000
  0.000738  -0.000070  0.000000
  0.005550  -0.000074  0.000000
  0.005423  -0.000151  0.000000
  0.000356  -0.000078  0.000000
  0.004122  -0.000051  0.000000
  0.005191  -0.000185  0.000000
  0.001280  0.000133  0.000000
  0.000000  -0.000065  0.000000
  0.002161  0.000151  0.000000
  0.000450  -0.000083  0.000000
  0.000884  -0.000006  0.000000
  0.004263  -0.000070  0.000000
  0.004683  -0.000121  0.000000
  0.003185  0.000253  0.000000
  0.002696  0.000187  0.000000
  0.000535  -0.000076  0.000000
  0.000093  -0.000055  0.000000
  0.003033  0.000212  0.000000
  0.004340  -0.000037  0.000000
  0.000181  -0.000054  0.000000
  0.001737  0.000079  0.000000
  0.004473  -0.000076  0.000000
  0.005518  -0.000035  0.000000
  0.000264  -0.000057  0.000000
  0.002515  0.000138  0.000000
  0.000625  -0.000036  0.000000
  0.005607  0.000000  0.000000
  0.000337  -0.000062  0.000000
  0.005248  -0.000021  0.000000
  0.004403  -0.000076  0.000000
  0.004725  0.000016  0.000000
  0.003534  0.000214  0.000000
  0.000748  0.000187  0.000000
  0.003344  0.000190  0.000000
  0.004983  0.000008  0.000000
  0.004718  -0.000042  0.000000
  0.000398  -0.000062  0.000000
  0.002136  0.000066  0.000000
  0.000000  -0.000053  0.000000
  0.003039  0.000147  0.000000
  0.004514  -0.000074  0.000000
  0.000116  -0.000029  0.000000
  0.005571  0.000005  0.000000
  0.002866  0.000115  0.000000
  0.005429  0.000024  0.000000
  0.000439  -0.000044  0.000000
  0.000199  -0.000030  0.000000
  0.004797  -0.000005  0.000000
  0.004605  -0.000086  0.000000
  0.004685  -0.000043  0.000000
  0.003331  0.000136  0.000000
  0.000266  -0.000032  0.000000
  0.002512  0.000051  0.000000
  0.005613  0.000000  0.000000
  0.000457  0.000020  0.000000
  0.003909  0.000163  0.000000
  0.003625  0.000139  0.000000
  0.000318  -0.000034  0.000000
  0.004638  -0.000081  0.000000
  0.005275  0.000057  0.000000
  0.000530  0.000160  0.000000
  0.004905  0.000012  0.000000
  0.004702  -0.000034  0.000000
  0.000353  -0.000029  0.000000
  0.004820  0.000007  0.000000
  0.000000  -0.000049  0.000000
  0.000079  0.000000  0.000000
  0.004740  -0.000052  0.000000
  0.003226  0.000069  0.000000
  0.005582  0.000031  0.000000
  0.000155  0.000000  0.000000
  0.002874  0.000030  0.000000
  0.004797  -0.000047  0.000000
  0.000223  0.000000  0.000000
  0.005146  0.000054  0.000000
  0.005454  0.000059  0.000000
  0.000372  -0.000005  0.000000
  0.004895  -0.000008  0.000000
  0.004782  -0.000065  0.000000
  0.000279  0.000000  0.000000
  0.004331  0.000059  0.000000
  0.003962  0.000085  0.000000
  0.005636  0.000000  0.000000
  0.000317  0.000000  0.000000
  0.003675  0.000066  0.000000
  0.000388  0.000079  0.000000
  0.004831  -0.000053  0.000000
  0.005354  0.000071  0.000000
  0.003225  0.000005  0.000000
  0.004751  0.000067  0.000000
  0.005083  0.000035  0.000000
  0.005565  0.000051  0.000000
  0.000335  0.000000  0.000000
  0.004846  0.000016  0.000000
  0.004936  -0.000021  0.000000
  0.005633  0.000028  0.000000
  0.004884  -0.000023  0.000000
  0.000341  0.000000  0.000000
  0.005277  0.000062  0.000000
  0.005512  0.000066  0.000000
  0.004926  -0.000035  0.000000
  0.005079  0.000015  0.000000
  0.003565  -0.000014  0.000000
  0.004230  0.000086  0.000000
  0.004443  0.000085  0.000000
  0.004626  0.000085  0.000000
  0.000366  0.000000  0.000000
  0.005679  0.000000  0.000000
  0.004060  0.000064  0.000000
  0.005001  -0.000023  0.000000
  0.004825  0.000057  0.000000
  0.005449  0.000070  0.000000
  0.005242  0.000045  0.000000
  0.005627  0.000049  0.000000
  0.004926  0.000018  0.000000
  0.005110  0.000002  0.000000
  0.004996  -0.000008  0.000000
  0.003901  -0.000008  0.000000
  0.005693  0.000026  0.000000
  0.005405  0.000061  0.000000
  0.005589  0.000062  0.000000
  0.004485  0.000080  0.000000
  0.005068  -0.000013  0.000000
  0.005243  0.000027  0.000000
  0.004647  0.000074  0.000000
  0.004377  0.000099  0.000000
  0.004804  0.000061  0.000000
  0.005742  0.000000  0.000000
  0.004941  0.000037  0.000000
  0.005158  -0.000003  0.000000
  0.005553  0.000063  0.000000
  0.005388  0.000046  0.000000
  0.005699  0.000045  0.000000
  0.004255  0.000028  0.000000
  0.005040  0.000013  0.000000
  0.005269  0.000015  0.000000
  0.005125  -0.000000  0.000000
  0.004618  0.000061  0.000000
  0.004719  0.000047  0.000000
  0.005531  0.000055  0.000000
  0.005680  0.000054  0.000000
  0.004843  0.000041  0.000000
  0.005211  -0.000001  0.000000
  0.005394  0.000032  0.000000
  0.005786  0.000025  0.000000
  0.004967  0.000031  0.000000
  0.004686  0.000115  0.000000
  0.005078  0.000017  0.000000
  0.005822  0.000000  0.000000
  0.005309  0.000008  0.000000
  0.005663  0.000054  0.000000
  0.005173  0.000006  0.000000
  0.005525  0.000044  0.000000
  0.005786  0.000039  0.000000
  0.005418  0.000021  0.000000
  0.005263  0.000001  0.000000
  0.004852  0.000026  0.000000
  0.004867  0.000005  0.000000
  0.004938  0.000005  0.000000
  0.005032  0.000006  0.000000
  0.005864  0.000021  0.000000
  0.005195  0.000197  0.000000
  0.005654  0.000048  0.000000
  0.005780  0.000046  0.000000
  0.005354  0.000005  0.000000
  0.005130  0.000005  0.000000
  0.005536  0.000032  0.000000
  0.005226  0.000001  0.000000
  0.005915  0.000000  0.000000
  0.005454  0.000013  0.000000
  0.005316  -0.000001  0.000000
  0.005776  0.000046  0.000000
  0.005135  -0.000015  0.000000
  0.005658  0.000039  0.000000
  0.005883  0.000034  0.000000
  0.005438  0.000153  0.000000
  0.005082  -0.000043  0.000000
  0.005086  -0.000037  0.000000
  0.005561  0.000022  0.000000
  0.005405  0.000000  0.000000
  0.005137  -0.000026  0.000000
  0.005210  -0.000018  0.000000
  0.005360  0.000052  0.000000
  0.005963  0.000019  0.000000
  0.005777  0.000042  0.000000
  0.005887  0.000039  0.000000
  0.005497  0.000006  0.000000
  0.005292  -0.000013  0.000000
  0.005673  0.000030  0.000000
  0.005376  -0.000010  0.000000
  0.005595  0.000013  0.000000
  0.006019  0.000000  0.000000
  0.005554  0.000075  0.000000
  0.005460  -0.000007  0.000000
  0.005892  0.000040  0.000000
  0.005787  0.000035  0.000000
  0.005988  0.000030  0.000000
  0.005307  -0.000061  0.000000
  0.005263  -0.000064  0.000000
  0.005408  -0.000031  0.000000
  0.005272  -0.000054  0.000000
  0.005516  0.000033  0.000000
  0.005314  -0.000042  0.000000
  0.005547  -0.000002  0.000000
  0.005698  0.000021  0.000000
  0.005376  -0.000031  0.000000
  0.005448  -0.000023  0.000000
  0.005899  0.000037  0.000000
  0.005999  0.000035  0.000000
  0.005637  0.000005  0.000000
  0.006076  0.000019  0.000000
  0.005804  0.000027  0.000000
  0.005585  0.000000  0.000000
  0.005524  -0.000017  0.000000
  0.005732  0.000012  0.000000
  0.006129  0.000000  0.000000
  0.005603  -0.000010  0.000000
  0.005433  -0.000070  0.000000
  0.005483  -0.000055  0.000000
  0.005417  -0.000068  0.000000
  0.006009  0.000036  0.000000
  0.005435  -0.000058  0.000000
  0.005562  -0.000017  0.000000
  0.005913  0.000032  0.000000
  0.006099  0.000028  0.000000
  0.005476  -0.000047  0.000000
  0.005687  -0.000004  0.000000
  0.005831  0.000019  0.000000
  0.006163  0.000011  0.000000
  0.005532  -0.000036  0.000000
  0.005612  0.000000  0.000000
  0.005597  -0.000027  0.000000
  0.005774  0.000003  0.000000
  0.006021  0.000035  0.000000
  0.006114  0.000034  0.000000
  0.005933  0.000026  0.000000
  0.006192  0.000021  0.000000
  0.005668  -0.000020  0.000000
  0.005566  -0.000056  0.000000
  0.005551  -0.000065  0.000000
  0.005865  0.000010  0.000000
  0.005556  -0.000063  0.000000
  0.005601  -0.000031  0.000000
  0.006244  0.000000  0.000000
  0.005744  -0.000013  0.000000
  0.005582  -0.000055  0.000000
  0.006127  0.000037  0.000000
  0.005617  0.000000  0.000000
  0.005625  -0.000046  0.000000
  0.006037  0.000032  0.000000
  0.006214  0.000031  0.000000
  0.005823  -0.000006  0.000000
  0.005679  -0.000037  0.000000
  0.005961  0.000018  0.000000
  0.006279  0.000013  0.000000
  0.005741  -0.000029  0.000000
  0.005907  0.000001  0.000000
  0.006142  0.000039  0.000000
  0.005809  -0.000022  0.000000
  0.006059  0.000027  0.000000
  0.006242  0.000040  0.000000
  0.005656  -0.000049  0.000000
  0.005656  -0.000032  0.000000
  0.005664  -0.000055  0.000000
  0.005641  0.000000  0.000000
  0.005686  -0.000054  0.000000
  0.006329  0.000028  0.000000
  0.005996  0.000009  0.000000
  0.005720  -0.000049  0.000000
  0.005881  -0.000015  0.000000
  0.006365  0.000000  0.000000
  0.005766  -0.000042  0.000000
  0.006331  0.000041  0.000000
  0.006173  0.000037  0.000000
  0.005820  -0.000035  0.000000
  0.005957  -0.000008  0.000000
  0.006262  0.000048  0.000000
  0.006088  0.000019  0.000000
  0.005880  -0.000029  0.000000
  0.005735  -0.000041  0.000000
  0.005687  0.000000  0.000000
  0.006038  -0.000001  0.000000
  0.006263  0.000049  0.000000
  0.005727  -0.000025  0.000000
  0.005945  -0.000024  0.000000
  0.005778  -0.000044  0.000000
  0.006184  0.000032  0.000000
  0.005811  -0.000045  0.000000
  0.005853  -0.000043  0.000000
  0.006124  0.000009  0.000000
  0.006015  -0.000019  0.000000
  0.006484  0.000000  0.000000
  0.006480  0.000023  0.000000
  0.005901  -0.000039  0.000000
  0.006465  0.000043  0.000000
  0.006443  0.000059  0.000000
  0.005956  -0.000035  0.000000
  0.006088  -0.000012  0.000000
  0.006415  0.000067  0.000000
  0.006213  0.000023  0.000000
  0.005751  0.000000  0.000000
  0.006015  -0.000032  0.000000
  0.006386  0.000068  0.000000
  0.006167  -0.000004  0.000000
  0.005842  -0.000024  0.000000
  0.006358  0.000060  0.000000
  0.006078  -0.000029  0.000000
  0.005892  -0.000034  0.000000
  0.005934  -0.000038  0.000000
  0.005982  -0.000037  0.000000
  0.006336  0.000048  0.000000
  0.006033  -0.000037  0.000000
  0.005830  0.000000  0.000000
  0.006205  -0.000017  0.000000
  0.006320  0.000030  0.000000
  0.006088  -0.000037  0.000000
  0.006177  -0.000027  0.000000
  0.006147  -0.000037  0.000000
  0.006311  0.000009  0.000000
  0.006033  -0.000031  0.000000
  0.006005  -0.000025  0.000000
  0.006210  -0.000039  0.000000
  0.005965  -0.000014  0.000000
  0.006109  -0.000036  0.000000
  0.006312  -0.000013  0.000000
  0.005922  0.000000  0.000000
  0.006163  -0.000040  0.000000
  0.006321  -0.000034  0.000000
  0.006240  -0.000048  0.000000
  0.006115  -0.000022  0.000000
  0.006338  -0.000051  0.000000
  0.006073  -0.000012  0.000000
  0.006181  -0.000031  0.000000
  0.006025  0.000000  0.000000
  0.006250  -0.000040  0.000000
  0.006292  -0.000051  0.000000
  0.006361  -0.000063  0.000000
  0.006233  -0.000023  0.000000
  0.006389  -0.000070  0.000000
  0.006187  -0.000012  0.000000
  0.006135  0.000000  0.000000
  0.006324  -0.000036  0.000000
  0.006418  -0.000069  0.000000
  0.006354  -0.000028  0.000000
  0.006315  -0.000013  0.000000
  0.006250  0.000000  0.000000
  0.006447  -0.000060  0.000000
  0.006470  -0.000045  0.000000
  0.006370  0.000000  0.000000
  0.006486  -0.000024  0.000000
  0.006490  0.000000  0.000000

CELL_DATA 966
TENSORS stress double
  -4270455.522753  -52370.292969  0.000000
  -52370.292969  -1621168.963495  0.000000
  0.000000  0.000000  0.000000


  -1571536.750592  324443.266875  0.000000
  324443.266875  -1595729.653714  0.000000
  0.000000  0.000000  0.000000


  -982292.893096  521214.777828  0.000000
  521214.777828  -1127448.109634  0.000000
  0.000000  0.000000  0.000000


  -10933773.452219  198719.073791  0.000000
  198719.073791  -68123.184802  0.000000
  0.000000  0.000000  0.000000


  -2065341.718863  229594.801073  0.000000
  229594.801073  -1666000.611122  0.000000
  0.000000  0.000000  0.000000


  -1442682.840511  236403.385990  0.000000
  236403.385990  -1483432.319694  0.000000
  0.000000  0.000000  0.000000


  -1693317.094474  334874.719359  0.000000
  334874.719359  -1326010.366472  0.000000
  0.000000  0.000000  0.000000


  -11278238.192606  216468.962621  0.000000
  216468.962621  7436.311676  0.000000
  0.000000  0.000000  0.000000


  -2157763.330468  231744.018428  0.000000
  231744.018428  -1655988.625040  0.000000
  0.000000  0.000000  0.000000


  -1433473.942357  927807.772456  0.000000
  927807.772456  -1437387.828923  0.000000
  0.000000  0.000000  0.000000


  -1689864.830267  378131.350144  0.000000
  378131.350144  -1390722.586054  0.000000
  0.000000  0.000000  0.000000


  -11528945.220810  297134.789968  0.000000
  297134.789968  -73332.641175  0.000000
  0.000000  0.000000  0.000000


  -2541249.944840  174713.810348  0.000000
  174713.810348  -1685873.705833  0.000000
  0.000000  0.000000  0.000000


  -2302394.147933  781702.069332  0.000000
  781702.069332  -1530164.649595  0.000000
  0.000000  0.000000  0.000000


  -2258027.365363  272707.638931  0.000000
  272707.638931  -1466071.396354  0.000000
  0.000000  0.000000  0.000000


  -2581305.899470  152430.292924  0.000000
  152430.292924  -1647069.339715  0.000000
  0.000000  0.000000  0.000000


  -2504353.495284  530027.308735  0.000000
  530027.308735  -1501391.458051  0.000000
  0.000000  0.000000  0.000000


  -2034247.586781  742673.656297  0.000000
  742673.656297  -1510529.950713  0.000000
  0.000000  0.000000  0.000000


  -2382182.627818  275586.968084  0.000000
  275586.968084  -1452610.083652  0.000000
  0.000000  0.000000  0.000000


  -2860808.345028  109900.710074  0.000000
  109900.710074  -1670281.181483  0.000000
  0.000000  0.000000  0.000000


  -3056180.975445  411418.199836  0.000000
  411418.199836  -1598646.546425  0.000000
  0.000000  0.000000  0.000000


  -2756386.712812  616809.646507  0.000000
  616809.646507  -1594224.834527  0.000000
  0.000000  0.000000  0.000000


  -2848058.271297  84991.370412  0.000000
  84991.370412  -1630697.557355  0.000000
  0.000000  0.000000  0.000000


  -2845653.669749  343151.866998  0.000000
  343151.866998  -1527372.897982  0.000000
  0.000000  0.000000  0.000000


  -2688399.360101  948157.004968  0.000000
  948157.004968  -1254288.070973  0.000000
  0.000000  0.000000  0.000000


  -3092991.242558  -138146.236475  0.000000
  -138146.236475  -1887634.795048  0.000000
  0.000000  0.000000  0.000000


  -3218500.539095  209319.276659  0.000000
  209319.276659  -1657795.162941  0.000000
  0.000000  0.000000  0.000000


  -3516799.282466  776678.973602  0.000000
  776678.973602  -1390525.764622  0.000000
  0.000000  0.000000  0.000000


  -3357081.477385  1097048.587321  0.000000
  1097048.587321  -1379809.994037  0.000000
  0.000000  0.000000  0.000000


  -3025059.546788  -12124.913932  0.000000
  -12124.913932  -1389940.079289  0.000000
  0.000000  0.000000  0.000000


  -3129535.843798  237652.888704  0.000000
  237652.888704  -1212971.686459  0.000000
  0.000000  0.000000  0.000000


  -2981386.858162  613446.970960  0.000000
  613446.970960  -1224675.960013  0.000000
  0.000000  0.000000  0.000000


  -3261841.540630  1294831.413851  0.000000
  1294831.413851  -903610.310261  0.000000
  0.000000  0.000000  0.000000


  -3669093.832288  -1476.312416  0.000000
  -1476.312416  -1040735.980233  0.000000
  0.000000  0.000000  0.000000


  -3620044.834975  445373.606037  0.000000
  445373.606037  -1382964.317911  0.000000
  0.000000  0.000000  0.000000


  -4266188.107964  1072383.020268  0.000000
  1072383.020268  -1090380.196938  0.000000
  0.000000  0.000000  0.000000


  -3537359.382246  510063.906610  0.000000
  510063.906610  -977181.465259  0.000000
  0.000000  0.000000  0.000000


  -3427949.454614  894657.538753  0.000000
  894657.538753  -946276.625362  0.000000
  0.000000  0.000000  0.000000


  -4167243.378291  1009490.873758  0.000000
  1009490.873758  -595656.548574  0.000000
  0.000000  0.000000  0.000000


  -4131097.482681  311250.213437  0.000000
  311250.213437  -1061528.252009  0.000000
  0.000000  0.000000  0.000000


  -4188352.962446  686688.309303  0.000000
  686688.309303  -1146400.501629  0.000000
  0.000000  0.000000  0.000000


  -4867497.831158  810885.142706  0.000000
  810885.142706  -790474.183198  0.000000
  0.000000  0.000000  0.000000


  -5210401.381192  1184943.293190  0.000000
  1184943.293190  -707115.754074  0.000000
  0.000000  0.000000  0.000000


  -3883185.414940  221598.190608  0.000000
  221598.190608  -966826.270182  0.000000
  0.000000  0.000000  0.000000


  -4092207.379256  652220.582795  0.000000
  652220.582795  -665672.585681  0.000000
  0.000000  0.000000  0.000000


  -5127359.237313  847975.910643  0.000000
  847975.910643  -291905.034677  0.000000
  0.000000  0.000000  0.000000


  -4626525.875413  505773.979106  0.000000
  505773.979106  -806758.957928  0.000000
  0.000000  0.000000  0.000000


  -5572662.468828  698226.214531  0.000000
  698226.214531  -450610.473088  0.000000
  0.000000  0.000000  0.000000


  -6174172.062700  982811.480867  0.000000
  982811.480867  -342535.881000  0.000000
  0.000000  0.000000  0.000000


  -4063907.321263  354047.286582  0.000000
  354047.286582  -708166.519533  0.000000
  0.000000  0.000000  0.000000


  -4581507.760311  364245.010333  0.000000
  364245.010333  -515386.682753  0.000000
  0.000000  0.000000  0.000000


  -4790652.029006  593092.188509  0.000000
  593092.188509  -406245.172435  0.000000
  0.000000  0.000000  0.000000


  -6134742.776417  351882.012079  0.000000
  351882.012079  -145389.449587  0.000000
  0.000000  0.000000  0.000000


  -4963509.579522  224979.200507  0.000000
  224979.200507  -660769.258269  0.000000
  0.000000  0.000000  0.000000


  -5184745.175221  451974.057469  0.000000
  451974.057469  -559451.929911  0.000000
  0.000000  0.000000  0.000000


  -6080798.983907  320332.852155  0.000000
  320332.852155  -199933.566595  0.000000
  0.000000  0.000000  0.000000


  -6860768.852791  426435.198657  0.000000
  426435.198657  -152356.375687  0.000000
  0.000000  0.000000  0.000000


  -4445008.965559  155648.352522  0.000000
  155648.352522  -586936.569386  0.000000
  0.000000  0.000000  0.000000


  -5145497.681279  221923.714450  0.000000
  221923.714450  -363214.460203  0.000000
  0.000000  0.000000  0.000000


  -5531432.672636  297464.269774  0.000000
  297464.269774  -244461.492131  0.000000
  0.000000  0.000000  0.000000


  -6872508.574801  -411095.204633  0.000000
  -411095.204633  -211054.985741  0.000000
  0.000000  0.000000  0.000000


  -5244897.736276  164114.704886  0.000000
  164114.704886  -434838.440826  0.000000
  0.000000  0.000000  0.000000


  -5556907.865434  238267.127390  0.000000
  238267.127390  -328706.709384  0.000000
  0.000000  0.000000  0.000000


  -6202387.782914  -302765.791286  0.000000
  -302765.791286  -145960.983014  0.000000
  0.000000  0.000000  0.000000


  -7162633.442785  -329107.091699  0.000000
  -329107.091699  -291328.894482  0.000000
  0.000000  0.000000  0.000000


  -4918548.477146  133470.382083  0.000000
  133470.382083  -435963.746391  0.000000
  0.000000  0.000000  0.000000


  -5563905.636679  -96467.100060  0.000000
  -96467.100060  -363695.565612  0.000000
  0.000000  0.000000  0.000000


  -6094033.081621  -232267.657051  0.000000
  -232267.657051  -266104.055163  0.000000
  0.000000  0.000000  0.000000


  -7213909.241688  -1460923.595588  0.000000
  -1460923.595588  -547707.888992  0.000000
  0.000000  0.000000  0.000000


  -5338597.880669  -65281.739758  0.000000
  -65281.739758  -349584.837632  0.000000
  0.000000  0.000000  0.000000


  -5644679.802582  -171728.355133  0.000000
  -171728.355133  -240421.245421  0.000000
  0.000000  0.000000  0.000000


  -5496879.557903  -1161004.451745  0.000000
  -1161004.451745  -347729.396415  0.000000
  0.000000  0.000000  0.000000


  -6939419.554345  -1157441.095116  0.000000
  -1157441.095116  -1037471.564132  0.000000
  0.000000  0.000000  0.000000


  -5243231.007450  -22647.634348  0.000000
  -22647.634348  -426504.796692  0.000000
  0.000000  0.000000  0.000000


  -5710707.108239  -528956.090149  0.000000
  -528956.090149  -570557.773705  0.000000
  0.000000  0.000000  0.000000


  -6284695.007238  -943903.277146  0.000000
  -943903.277146  -557497.104638  0.000000
  0.000000  0.000000  0.000000


  -5170911.186410  -11400.023757  0.000000
  -11400.023757  -420138.041008  0.000000
  0.000000  0.000000  0.000000


  -5122911.679504  -372447.060180  0.000000
  -372447.060180  -422172.016580  0.000000
  0.000000  0.000000  0.000000


  -5212488.603932  -713212.963054  0.000000
  -713212.963054  -368181.049002  0.000000
  0.000000  0.000000  0.000000


  -5048245.269469  5356.130856  0.000000
  5356.130856  -462538.921282  0.000000
  0.000000  0.000000  0.000000


  -5194739.425414  -105874.482929  0.000000
  -105874.482929  -539279.236026  0.000000
  0.000000  0.000000  0.000000


  -5378883.101305  -261033.476297  0.000000
  -261033.476297  -551010.940808  0.000000
  0.000000  0.000000  0.000000


  -5344097.010039  -887940.158416  0.000000
  -887940.158416  -1026223.079536  0.000000
  0.000000  0.000000  0.000000


  -5055160.726557  -48599.033649  0.000000
  -48599.033649  -475203.648927  0.000000
  0.000000  0.000000  0.000000


  -5082955.555135  -169934.154888  0.000000
  -169934.154888  -458038.553961  0.000000
  0.000000  0.000000  0.000000


  -4548551.380041  -597347.282221  0.000000
  -597347.282221  -708454.489308  0.000000
  0.000000  0.000000  0.000000


  -4019895.491681  -1166799.062051  0.000000
  -1166799.062051  -801399.738261  0.000000
  0.000000  0.000000  0.000000


  -5117694.699388  -224726.277143  0.000000
  -224726.277143  -673029.208321  0.000000
  0.000000  0.000000  0.000000


  -5201254.685433  -463523.048578  0.000000
  -463523.048578  -813887.046226  0.000000
  0.000000  0.000000  0.000000


  -4167702.572656  -655793.109163  0.000000
  -655793.109163  -1540435.143137  0.000000
  0.000000  0.000000  0.000000


  -5666906.928245  -1592334.916557  0.000000
  -1592334.916557  -1197866.248119  0.000000
  0.000000  0.000000  0.000000


  -4940765.006442  -126644.674614  0.000000
  -126644.674614  -546685.096893  0.000000
  0.000000  0.000000  0.000000


  -4815050.687372  -292665.437909  0.000000
  -292665.437909  -615401.239671  0.000000
  0.000000  0.000000  0.000000


  -3950703.207334  -396952.157154  0.000000
  -396952.157154  -1187157.382904  0.000000
  0.000000  0.000000  0.000000


  -3104877.350366  -2022295.301881  0.000000
  -2022295.301881  -925552.038793  0.000000
  0.000000  0.000000  0.000000


  -5060226.061762  -76162.135065  0.000000
  -76162.135065  -604383.643863  0.000000
  0.000000  0.000000  0.000000


  -4862799.687057  -193544.808552  0.000000
  -193544.808552  -854146.238099  0.000000
  0.000000  0.000000  0.000000


  -4633345.710135  -368132.084052  0.000000
  -368132.084052  -1132426.139776  0.000000
  0.000000  0.000000  0.000000


  -3238319.704214  -930579.238427  0.000000
  -930579.238427  -1592763.808029  0.000000
  0.000000  0.000000  0.000000


  -4809579.181895  -98568.073144  0.000000
  -98568.073144  -720745.931195  0.000000
  0.000000  0.000000  0.000000


  -4510268.736680  -198156.017011  0.000000
  -198156.017011  -897660.600238  0.000000
  0.000000  0.000000  0.000000


  -2877992.840061  -816442.176206  0.000000
  -816442.176206  -1486173.797339  0.000000
  0.000000  0.000000  0.000000


  -1121212.107680  -1003690.154923  0.000000
  -1003690.154923  -1544438.432491  0.000000
  0.000000  0.000000  0.000000


  -4968638.836775  -87223.985149  0.000000
  -87223.985149  -686054.248555  0.000000
  0.000000  0.000000  0.000000


  -4522004.541322  65007.235218  0.000000
  65007.235218  -956339.623453  0.000000
  0.000000  0.000000  0.000000


  -4954554.689609  -43082.208756  0.000000
  -43082.208756  -629466.497945  0.000000
  0.000000  0.000000  0.000000


  -4759390.886994  101922.438018  0.000000
  101922.438018  -867620.946280  0.000000
  0.000000  0.000000  0.000000


  -4445321.949712  191068.636739  0.000000
  191068.636739  -1154448.610396  0.000000
  0.000000  0.000000  0.000000


  -4799482.766792  24749.355722  0.000000
  24749.355722  -747320.220179  0.000000
  0.000000  0.000000  0.000000


  -4724714.045382  243033.532016  0.000000
  243033.532016  -694236.738219  0.000000
  0.000000  0.000000  0.000000


  -4382675.212419  503666.356237  0.000000
  503666.356237  -841214.923934  0.000000
  0.000000  0.000000  0.000000


  -4908383.456958  41792.440003  0.000000
  41792.440003  -695501.923804  0.000000
  0.000000  0.000000  0.000000


  -5023604.698688  199121.583900  0.000000
  199121.583900  -716731.179354  0.000000
  0.000000  0.000000  0.000000


  -5005319.237367  406394.681496  0.000000
  406394.681496  -896678.314646  0.000000
  0.000000  0.000000  0.000000


  -4974681.150725  785661.181004  0.000000
  785661.181004  -1175296.156611  0.000000
  0.000000  0.000000  0.000000


  -4935858.605854  3621.899206  0.000000
  3621.899206  -652227.133994  0.000000
  0.000000  0.000000  0.000000


  -4887499.031578  101388.905259  0.000000
  101388.905259  -591079.796904  0.000000
  0.000000  0.000000  0.000000


  -4842667.310603  790779.204345  0.000000
  790779.204345  -515226.956000  0.000000
  0.000000  0.000000  0.000000


  -3705734.408504  996666.327116  0.000000
  996666.327116  -1043309.814519  0.000000
  0.000000  0.000000  0.000000


  -5029747.808512  62664.297730  0.000000
  62664.297730  -628249.881355  0.000000
  0.000000  0.000000  0.000000


  -5490996.718763  598779.632162  0.000000
  598779.632162  -707654.708772  0.000000
  0.000000  0.000000  0.000000


  -5015852.283038  1539978.220617  0.000000
  1539978.220617  -1662759.308903  0.000000
  0.000000  0.000000  0.000000


  -3814426.248904  327352.635264  0.000000
  327352.635264  -1586769.016519  0.000000
  0.000000  0.000000  0.000000


  -4928231.555244  412327.712401  0.000000
  412327.712401  -511239.904033  0.000000
  0.000000  0.000000  0.000000


  -5405743.162277  351704.320942  0.000000
  351704.320942  -281386.926349  0.000000
  0.000000  0.000000  0.000000


  -4760556.936212  1451485.086214  0.000000
  1451485.086214  -386282.574765  0.000000
  0.000000  0.000000  0.000000


  -2879730.658218  248360.453908  0.000000
  248360.453908  -1837575.054898  0.000000
  0.000000  0.000000  0.000000


  -5522636.085350  237664.503661  0.000000
  237664.503661  -433993.829622  0.000000
  0.000000  0.000000  0.000000


  -6032230.995199  475312.165093  0.000000
  475312.165093  -375397.157922  0.000000
  0.000000  0.000000  0.000000


  -5888421.237451  1073754.552470  0.000000
  1073754.552470  -785944.507532  0.000000
  0.000000  0.000000  0.000000


  -2380299.527343  159149.351134  0.000000
  159149.351134  -1830317.683447  0.000000
  0.000000  0.000000  0.000000


  -5210409.398608  164071.728475  0.000000
  164071.728475  -369341.357932  0.000000
  0.000000  0.000000  0.000000


  -5985006.512635  -54603.147925  0.000000
  -54603.147925  -139274.745113  0.000000
  0.000000  0.000000  0.000000


  -2385227.675386  1663643.453473  0.000000
  1663643.453473  -1854958.423657  0.000000
  0.000000  0.000000  0.000000


  -609239.418588  772931.563953  0.000000
  772931.563953  -1147857.326820  0.000000
  0.000000  0.000000  0.000000


  -5261638.871892  303290.607677  0.000000
  303290.607677  -625488.724348  0.000000
  0.000000  0.000000  0.000000


  -5639233.591611  -93295.404521  0.000000
  -93295.404521  -246112.283716  0.000000
  0.000000  0.000000  0.000000


  -4981871.089691  197275.053389  0.000000
  197275.053389  -508063.134372  0.000000
  0.000000  0.000000  0.000000


  -5494894.622250  -74061.384885  0.000000
  -74061.384885  -295286.514120  0.000000
  0.000000  0.000000  0.000000


  -5658604.625448  -527237.394876  0.000000
  -527237.394876  -342967.452908  0.000000
  0.000000  0.000000  0.000000


  -5137739.820846  129881.759801  0.000000
  129881.759801  -585849.266747  0.000000
  0.000000  0.000000  0.000000


  -5214631.973187  -94165.071127  0.000000
  -94165.071127  -365168.995299  0.000000
  0.000000  0.000000  0.000000


  -4983831.477809  -463388.955389  0.000000
  -463388.955389  -344575.684707  0.000000
  0.000000  0.000000  0.000000


  -5004265.029915  59134.364719  0.000000
  59134.364719  -499884.568260  0.000000
  0.000000  0.000000  0.000000


  -5191731.206246  -81072.619141  0.000000
  -81072.619141  -387877.576561  0.000000
  0.000000  0.000000  0.000000


  -5238429.485749  -344872.079006  0.000000
  -344872.079006  -484156.558110  0.000000
  0.000000  0.000000  0.000000


  -5041830.181518  -705613.112517  0.000000
  -705613.112517  -634569.203246  0.000000
  0.000000  0.000000  0.000000


  -5226035.105715  96732.435840  0.000000
  96732.435840  -467082.677801  0.000000
  0.000000  0.000000  0.000000


  -4968777.178525  -74156.192827  0.000000
  -74156.192827  -451027.245674  0.000000
  0.000000  0.000000  0.000000


  -4323913.354615  -578627.712283  0.000000
  -578627.712283  -548602.666977  0.000000
  0.000000  0.000000  0.000000


  -4498901.266605  -889787.210291  0.000000
  -889787.210291  -438702.394178  0.000000
  0.000000  0.000000  0.000000


  -5013160.836531  -62084.730649  0.000000
  -62084.730649  -461868.860105  0.000000
  0.000000  0.000000  0.000000


  -4991217.728689  -170644.923716  0.000000
  -170644.923716  -547454.806375  0.000000
  0.000000  0.000000  0.000000


  -4759910.023903  -432508.911348  0.000000
  -432508.911348  -703247.973190  0.000000
  0.000000  0.000000  0.000000


  -4599197.171956  -1074356.564181  0.000000
  -1074356.564181  -940181.920936  0.000000
  0.000000  0.000000  0.000000


  -4718282.965216  -152932.759982  0.000000
  -152932.759982  -506185.274023  0.000000
  0.000000  0.000000  0.000000


  -4718389.491295  -279539.152324  0.000000
  -279539.152324  -461455.436748  0.000000
  0.000000  0.000000  0.000000


  -3596507.738989  -1300770.755563  0.000000
  -1300770.755563  -747287.568384  0.000000
  0.000000  0.000000  0.000000


  -3698018.049553  -1182124.878511  0.000000
  -1182124.878511  -1254839.121205  0.000000
  0.000000  0.000000  0.000000


  -4784583.920924  -1503115.632467  0.000000
  -1503115.632467  -877963.330172  0.000000
  0.000000  0.000000  0.000000


  -2913107.008959  -1013177.445029  0.000000
  -1013177.445029  -1116145.840463  0.000000
  0.000000  0.000000  0.000000


  -3443751.556596  -1762826.943926  0.000000
  -1762826.943926  -683942.905129  0.000000
  0.000000  0.000000  0.000000


  -3782953.033252  -821977.372363  0.000000
  -821977.372363  -1275742.284333  0.000000
  0.000000  0.000000  0.000000


  -2991933.317169  -736771.351033  0.000000
  -736771.351033  -1510277.381509  0.000000
  0.000000  0.000000  0.000000


  -3545465.948146  -1560211.401992  0.000000
  -1560211.401992  -1192514.862876  0.000000
  0.000000  0.000000  0.000000


  -3684243.557356  -879897.519026  0.000000
  -879897.519026  -782194.904854  0.000000
  0.000000  0.000000  0.000000


  -2601229.253628  -626983.940057  0.000000
  -626983.940057  -1403100.841806  0.000000
  0.000000  0.000000  0.000000


  -2539037.843077  -1399497.819091  0.000000
  -1399497.819091  -1097690.037082  0.000000
  0.000000  0.000000  0.000000


  -3232348.462796  -490675.010803  0.000000
  -490675.010803  -1515305.782616  0.000000
  0.000000  0.000000  0.000000


  -2648201.024610  -266605.345813  0.000000
  -266605.345813  -1637959.696717  0.000000
  0.000000  0.000000  0.000000


  -3153372.715837  -656780.120395  0.000000
  -656780.120395  -1120427.047817  0.000000
  0.000000  0.000000  0.000000


  -2853513.381640  -374462.678569  0.000000
  -374462.678569  -1396895.017234  0.000000
  0.000000  0.000000  0.000000


  -3810340.472946  -496334.939426  0.000000
  -496334.939426  -1264774.946746  0.000000
  0.000000  0.000000  0.000000


  -3336281.518232  -218239.624961  0.000000
  -218239.624961  -1560171.139296  0.000000
  0.000000  0.000000  0.000000


  -3729005.045248  -526200.207895  0.000000
  -526200.207895  -858097.808259  0.000000
  0.000000  0.000000  0.000000


  -3234852.257013  -298329.221267  0.000000
  -298329.221267  -1053024.833200  0.000000
  0.000000  0.000000  0.000000


  -4410618.144297  -675332.242914  0.000000
  -675332.242914  -982126.615389  0.000000
  0.000000  0.000000  0.000000


  -3873813.039016  -167041.251386  0.000000
  -167041.251386  -1156658.117191  0.000000
  0.000000  0.000000  0.000000


  -2612017.228275  -964447.974716  0.000000
  -964447.974716  -1462586.963073  0.000000
  0.000000  0.000000  0.000000


  -2173488.719222  -884950.270195  0.000000
  -884950.270195  -1407211.578817  0.000000
  0.000000  0.000000  0.000000


  -1603439.843501  -1129319.567542  0.000000
  -1129319.567542  -1361901.488637  0.000000
  0.000000  0.000000  0.000000


  -2217965.237328  -336127.814680  0.000000
  -336127.814680  -1629594.169346  0.000000
  0.000000  0.000000  0.000000


  -1625255.782080  -354166.781329  0.000000
  -354166.781329  -1470981.181530  0.000000
  0.000000  0.000000  0.000000


  -2005459.446104  -1053705.331978  0.000000
  -1053705.331978  -1192209.446640  0.000000
  0.000000  0.000000  0.000000


  -1098896.972549  -1172103.333021  0.000000
  -1172103.333021  -1145945.828243  0.000000
  0.000000  0.000000  0.000000


  -1992321.132965  -1754113.866283  0.000000
  -1754113.866283  -1126517.880943  0.000000
  0.000000  0.000000  0.000000


  -708069.749165  -162132.201275  0.000000
  -162132.201275  -865743.704947  0.000000
  0.000000  0.000000  0.000000


  -955322.206493  -554686.054754  0.000000
  -554686.054754  -256353.196954  0.000000
  0.000000  0.000000  0.000000


  -3179236.238298  -1862674.815765  0.000000
  -1862674.815765  -1118133.442218  0.000000
  0.000000  0.000000  0.000000


  -234221.755297  -815449.377012  0.000000
  -815449.377012  32928.823247  0.000000
  0.000000  0.000000  0.000000


  -1199716.300721  -1810533.450814  0.000000
  -1810533.450814  -1478323.668095  0.000000
  0.000000  0.000000  0.000000


  -3094295.262071  -2335795.827427  0.000000
  -2335795.827427  -693428.561084  0.000000
  0.000000  0.000000  0.000000


  -1504872.258549  -903553.406722  0.000000
  -903553.406722  -88223.158709  0.000000
  0.000000  0.000000  0.000000


  -5914710.148543  -2690582.049992  0.000000
  -2690582.049992  -817223.915077  0.000000
  0.000000  0.000000  0.000000


  -5224620.726067  -2035692.371287  0.000000
  -2035692.371287  -834627.848904  0.000000
  0.000000  0.000000  0.000000


  -1705666.547431  -2449291.470910  0.000000
  -2449291.470910  -1776761.316142  0.000000
  0.000000  0.000000  0.000000


  -5852413.584075  -1785098.738992  0.000000
  -1785098.738992  -505741.092742  0.000000
  0.000000  0.000000  0.000000


  -5132613.716263  -1613464.336495  0.000000
  -1613464.336495  -374592.799888  0.000000
  0.000000  0.000000  0.000000


  -8194497.528041  -1910539.971773  0.000000
  -1910539.971773  -357397.607829  0.000000
  0.000000  0.000000  0.000000


  -6921509.693632  -1778081.584021  0.000000
  -1778081.584021  -363434.955865  0.000000
  0.000000  0.000000  0.000000


  -7898318.935013  -1117622.175987  0.000000
  -1117622.175987  -1576878.176389  0.000000
  0.000000  0.000000  0.000000


  -9389378.630132  -2279649.382708  0.000000
  -2279649.382708  -3309873.340122  0.000000
  0.000000  0.000000  0.000000


  -16567818.362812  -2697568.668046  0.000000
  -2697568.668046  -2188747.441813  0.000000
  0.000000  0.000000  0.000000


  -10138518.516110  -120617.319026  0.000000
  -120617.319026  -2005715.797661  0.000000
  0.000000  0.000000  0.000000


  -9895234.438577  -198180.282729  0.000000
  -198180.282729  -2319942.459611  0.000000
  0.000000  0.000000  0.000000


  -8362169.622968  -578898.029755  0.000000
  -578898.029755  -1469320.981493  0.000000
  0.000000  0.000000  0.000000


  -11839560.692252  -990458.660741  0.000000
  -990458.660741  -1697850.205101  0.000000
  0.000000  0.000000  0.000000


  -10036850.542844  536790.819364  0.000000
  536790.819364  -1357495.729773  0.000000
  0.000000  0.000000  0.000000


  -9129875.185582  806955.509653  0.000000
  806955.509653  -2111450.689515  0.000000
  0.000000  0.000000  0.000000


  -8319439.995323  -374943.868516  0.000000
  -374943.868516  -982109.944234  0.000000
  0.000000  0.000000  0.000000


  -7867615.058712  -994649.913728  0.000000
  -994649.913728  -283335.531338  0.000000
  0.000000  0.000000  0.000000


  -8011529.451207  136103.449818  0.000000
  136103.449818  -775434.983235  0.000000
  0.000000  0.000000  0.000000


  -6925446.872379  -794613.650144  0.000000
  -794613.650144  -383120.849604  0.000000
  0.000000  0.000000  0.000000


  -7043910.606950  -980493.775653  0.000000
  -980493.775653  -129070.380429  0.000000
  0.000000  0.000000  0.000000


  -6983509.154191  -110733.964366  0.000000
  -110733.964366  -207121.030126  0.000000
  0.000000  0.000000  0.000000


  -6114145.729302  -813742.241929  0.000000
  -813742.241929  -178945.019955  0.000000
  0.000000  0.000000  0.000000


  -7774065.721877  -69223.014903  0.000000
  -69223.014903  -1112175.634448  0.000000
  0.000000  0.000000  0.000000


  -9084593.484833  1777452.795196  0.000000
  1777452.795196  -2144621.305711  0.000000
  0.000000  0.000000  0.000000


  -7752429.154647  -225981.781416  0.000000
  -225981.781416  -308760.199891  0.000000
  0.000000  0.000000  0.000000


  -7801762.113212  1011354.355668  0.000000
  1011354.355668  -700865.542002  0.000000
  0.000000  0.000000  0.000000


  -6851031.279434  835785.722465  0.000000
  835785.722465  -1085064.966787  0.000000
  0.000000  0.000000  0.000000


  -6743482.669606  640384.481410  0.000000
  640384.481410  -287910.464102  0.000000
  0.000000  0.000000  0.000000


  -6394857.508859  1521682.974765  0.000000
  1521682.974765  -257033.641450  0.000000
  0.000000  0.000000  0.000000


  -6920817.566616  -160869.141068  0.000000
  -160869.141068  -140006.154272  0.000000
  0.000000  0.000000  0.000000


  -6650365.078027  737304.430600  0.000000
  737304.430600  -181178.815537  0.000000
  0.000000  0.000000  0.000000


  -6329538.205380  -768090.602808  0.000000
  -768090.602808  -230291.886615  0.000000
  0.000000  0.000000  0.000000


  -6118598.197429  -95198.450460  0.000000
  -95198.450460  -59922.710986  0.000000
  0.000000  0.000000  0.000000


  -5925437.324553  -1494115.555935  0.000000
  -1494115.555935  -438521.288279  0.000000
  0.000000  0.000000  0.000000


  -4689644.718998  -1288953.593720  0.000000
  -1288953.593720  -403267.320539  0.000000
  0.000000  0.000000  0.000000


  -5523515.461557  -1061553.918180  0.000000
  -1061553.918180  -547338.813422  0.000000
  0.000000  0.000000  0.000000


  -11632855.242617  -928414.226030  0.000000
  -928414.226030  -370716.576747  0.000000
  0.000000  0.000000  0.000000


  -10442211.992004  418651.738044  0.000000
  418651.738044  -1399973.642296  0.000000
  0.000000  0.000000  0.000000


  -10080011.331724  1024136.470273  0.000000
  1024136.470273  -1801391.475234  0.000000
  0.000000  0.000000  0.000000


  -10874073.286141  -345286.524763  0.000000
  -345286.524763  -757404.084964  0.000000
  0.000000  0.000000  0.000000


  -5764475.076641  641977.439669  0.000000
  641977.439669  -166213.703485  0.000000
  0.000000  0.000000  0.000000


  -10933448.287685  -135847.041554  0.000000
  -135847.041554  -616667.972191  0.000000
  0.000000  0.000000  0.000000


  -11823307.024181  -629741.944722  0.000000
  -629741.944722  -550245.743648  0.000000
  0.000000  0.000000  0.000000


  -11860509.352763  -345244.474571  0.000000
  -345244.474571  -111341.047584  0.000000
  0.000000  0.000000  0.000000


  -11197857.324744  -340109.740531  0.000000
  -340109.740531  -233335.391912  0.000000
  0.000000  0.000000  0.000000


  -11709176.116922  -460529.838930  0.000000
  -460529.838930  -152262.458263  0.000000
  0.000000  0.000000  0.000000


  -11210358.852188  -306167.439326  0.000000
  -306167.439326  -227329.455124  0.000000
  0.000000  0.000000  0.000000


  -11678950.827553  -225809.041102  0.000000
  -225809.041102  -28368.544989  0.000000
  0.000000  0.000000  0.000000


  -11167609.816254  -314776.194736  0.000000
  -314776.194736  -33857.101349  0.000000
  0.000000  0.000000  0.000000


  -10667936.426165  -94921.679602  0.000000
  -94921.679602  -43464.065392  0.000000
  0.000000  0.000000  0.000000


  -11501563.809290  -386832.551136  0.000000
  -386832.551136  -30984.433675  0.000000
  0.000000  0.000000  0.000000


  -11187670.424794  -294114.149582  0.000000
  -294114.149582  -68014.314115  0.000000
  0.000000  0.000000  0.000000


  -11544067.506145  -228754.772324  0.000000
  -228754.772324  -15690.627885  0.000000
  0.000000  0.000000  0.000000


  -11269784.404941  -365154.944766  0.000000
  -365154.944766  -32777.119586  0.000000
  0.000000  0.000000  0.000000


  -11350675.585434  -364214.079554  0.000000
  -364214.079554  -41800.031291  0.000000
  0.000000  0.000000  0.000000


  -11273425.023094  -262826.117986  0.000000
  -262826.117986  -39725.816786  0.000000
  0.000000  0.000000  0.000000


  -11441737.445835  -268259.119593  0.000000
  -268259.119593  -57461.215753  0.000000
  0.000000  0.000000  0.000000


  -11369568.184045  -428493.634457  0.000000
  -428493.634457  -177848.358890  0.000000
  0.000000  0.000000  0.000000


  -11277991.733918  -356537.924230  0.000000
  -356537.924230  -239179.320611  0.000000
  0.000000  0.000000  0.000000


  -11418908.141672  -251953.678630  0.000000
  -251953.678630  -56362.559419  0.000000
  0.000000  0.000000  0.000000


  -11311974.657395  -287361.138218  0.000000
  -287361.138218  -275951.682334  0.000000
  0.000000  0.000000  0.000000


  -11519139.976557  -605069.988882  0.000000
  -605069.988882  -673081.254734  0.000000
  0.000000  0.000000  0.000000


  -11211720.558169  -174847.200320  0.000000
  -174847.200320  -74629.137420  0.000000
  0.000000  0.000000  0.000000


  -11096786.436044  11123.075609  0.000000
  11123.075609  -540271.718559  0.000000
  0.000000  0.000000  0.000000


  -10823336.444472  -389419.250642  0.000000
  -389419.250642  -831511.579414  0.000000
  0.000000  0.000000  0.000000


  -11523294.060672  -362687.692134  0.000000
  -362687.692134  -140033.651321  0.000000
  0.000000  0.000000  0.000000


  -11065433.873826  59687.699698  0.000000
  59687.699698  -248087.725295  0.000000
  0.000000  0.000000  0.000000


  -10946426.145788  -116560.816873  0.000000
  -116560.816873  -913477.731655  0.000000
  0.000000  0.000000  0.000000


  -10921450.172485  601830.757358  0.000000
  601830.757358  -1579357.265604  0.000000
  0.000000  0.000000  0.000000


  -10710327.211199  1031674.869887  0.000000
  1031674.869887  -378079.875100  0.000000
  0.000000  0.000000  0.000000


  -9897866.575282  640452.370793  0.000000
  640452.370793  -2116373.423657  0.000000
  0.000000  0.000000  0.000000


  -8853695.677572  511055.522606  0.000000
  511055.522606  -1885504.800036  0.000000
  0.000000  0.000000  0.000000


  -9526390.232826  -432970.176292  0.000000
  -432970.176292  -2443379.424791  0.000000
  0.000000  0.000000  0.000000


  -10254978.450089  2513967.197933  0.000000
  2513967.197933  -3182381.951284  0.000000
  0.000000  0.000000  0.000000


  -8939660.346766  480864.430076  0.000000
  480864.430076  -1904941.569075  0.000000
  0.000000  0.000000  0.000000


  -9543572.289019  -250563.234869  0.000000
  -250563.234869  -2018518.644986  0.000000
  0.000000  0.000000  0.000000


  -11458701.987384  -1049591.197457  0.000000
  -1049591.197457  -1986924.358807  0.000000
  0.000000  0.000000  0.000000


  -8144117.311363  -194102.336992  0.000000
  -194102.336992  -1351111.451224  0.000000
  0.000000  0.000000  0.000000


  -8388550.629952  -727034.425190  0.000000
  -727034.425190  -1506310.585937  0.000000
  0.000000  0.000000  0.000000


  -11241164.411034  -930670.077318  0.000000
  -930670.077318  -460680.598518  0.000000
  0.000000  0.000000  0.000000


  -12231019.972303  -773751.622439  0.000000
  -773751.622439  -686307.505916  0.000000
  0.000000  0.000000  0.000000


  -7878371.837316  44040.562491  0.000000
  44040.562491  -954354.009940  0.000000
  0.000000  0.000000  0.000000


  -7913319.176032  -562146.323454  0.000000
  -562146.323454  -1391190.232017  0.000000
  0.000000  0.000000  0.000000


  -7281408.598448  -240023.921159  0.000000
  -240023.921159  -654504.585002  0.000000
  0.000000  0.000000  0.000000


  -7445979.981752  -1028914.613548  0.000000
  -1028914.613548  -929424.854843  0.000000
  0.000000  0.000000  0.000000


  -7618258.320216  757710.337305  0.000000
  757710.337305  -301981.544682  0.000000
  0.000000  0.000000  0.000000


  -6838264.397759  -39457.090811  0.000000
  -39457.090811  -440537.519988  0.000000
  0.000000  0.000000  0.000000


  -6492984.182527  -783743.706854  0.000000
  -783743.706854  -893281.314237  0.000000
  0.000000  0.000000  0.000000


  -7335406.580456  612393.985403  0.000000
  612393.985403  -787951.380829  0.000000
  0.000000  0.000000  0.000000


  -6402787.748857  11783.958672  0.000000
  11783.958672  -461904.450883  0.000000
  0.000000  0.000000  0.000000


  -6287109.861275  -1558680.034364  0.000000
  -1558680.034364  -1488225.416803  0.000000
  0.000000  0.000000  0.000000


  -8935628.786982  1118951.793265  0.000000
  1118951.793265  -1342550.385642  0.000000
  0.000000  0.000000  0.000000


  -6644926.310725  705342.345014  0.000000
  705342.345014  -262817.895724  0.000000
  0.000000  0.000000  0.000000


  -4777855.205838  -1073841.224091  0.000000
  -1073841.224091  -1211033.233607  0.000000
  0.000000  0.000000  0.000000


  -7647142.820684  1146028.315820  0.000000
  1146028.315820  -2538914.734328  0.000000
  0.000000  0.000000  0.000000


  -8706344.730831  1030893.399003  0.000000
  1030893.399003  -1077835.329237  0.000000
  0.000000  0.000000  0.000000


  -5843086.090366  4763259.385248  0.000000
  4763259.385248  -3259330.152539  0.000000
  0.000000  0.000000  0.000000


  -7614874.943896  2081178.918137  0.000000
  2081178.918137  -326769.610521  0.000000
  0.000000  0.000000  0.000000


  -6445974.451910  764320.610551  0.000000
  764320.610551  -237515.160546  0.000000
  0.000000  0.000000  0.000000


  -5749580.980021  -926736.067932  0.000000
  -926736.067932  -1406221.114754  0.000000
  0.000000  0.000000  0.000000


  -6790729.905805  1583595.615811  0.000000
  1583595.615811  -340612.032714  0.000000
  0.000000  0.000000  0.000000


  -5793330.972948  -512210.708980  0.000000
  -512210.708980  -705667.633580  0.000000
  0.000000  0.000000  0.000000


  -5528129.804593  1859640.443852  0.000000
  1859640.443852  -403797.975008  0.000000
  0.000000  0.000000  0.000000


  -6616387.375525  -792364.108085  0.000000
  -792364.108085  -892706.876699  0.000000
  0.000000  0.000000  0.000000


  -4860109.018018  -553423.816613  0.000000
  -553423.816613  -1043401.169936  0.000000
  0.000000  0.000000  0.000000


  -5435887.603241  -441434.260040  0.000000
  -441434.260040  -1182118.633286  0.000000
  0.000000  0.000000  0.000000


  -4973928.742646  -563335.918690  0.000000
  -563335.918690  -1721757.211281  0.000000
  0.000000  0.000000  0.000000


  -5446826.947639  -187081.218739  0.000000
  -187081.218739  -660645.000192  0.000000
  0.000000  0.000000  0.000000


  -4959270.535412  -201286.365945  0.000000
  -201286.365945  -896347.925894  0.000000
  0.000000  0.000000  0.000000


  -4486406.647398  -248586.196440  0.000000
  -248586.196440  -1272051.299956  0.000000
  0.000000  0.000000  0.000000


  -5972682.148198  -388552.361460  0.000000
  -388552.361460  -831348.328811  0.000000
  0.000000  0.000000  0.000000


  -5015881.333298  -240168.242443  0.000000
  -240168.242443  -1311762.111927  0.000000
  0.000000  0.000000  0.000000


  -6097614.674345  107103.615407  0.000000
  107103.615407  -412037.068216  0.000000
  0.000000  0.000000  0.000000


  -4804582.192132  -59257.349183  0.000000
  -59257.349183  -1015515.175061  0.000000
  0.000000  0.000000  0.000000


  -5766424.788611  209147.433146  0.000000
  209147.433146  -486887.750647  0.000000
  0.000000  0.000000  0.000000


  -4998505.995913  -79190.615970  0.000000
  -79190.615970  -1008679.503511  0.000000
  0.000000  0.000000  0.000000


  -5925961.191287  662983.278785  0.000000
  662983.278785  -362908.621293  0.000000
  0.000000  0.000000  0.000000


  -5606332.904027  250985.454215  0.000000
  250985.454215  -479328.111789  0.000000
  0.000000  0.000000  0.000000


  -4989890.999193  -4052.563741  0.000000
  -4052.563741  -786395.411319  0.000000
  0.000000  0.000000  0.000000


  -5736986.219401  755822.048402  0.000000
  755822.048402  -255018.838970  0.000000
  0.000000  0.000000  0.000000


  -5331616.617972  333044.187289  0.000000
  333044.187289  -539014.140390  0.000000
  0.000000  0.000000  0.000000


  -5222837.813539  -140245.000818  0.000000
  -140245.000818  -968929.994766  0.000000
  0.000000  0.000000  0.000000


  -5440645.387794  629832.641140  0.000000
  629832.641140  -485002.948643  0.000000
  0.000000  0.000000  0.000000


  -5277369.930420  340586.163051  0.000000
  340586.163051  -551563.637916  0.000000
  0.000000  0.000000  0.000000


  -5271633.095410  718687.569490  0.000000
  718687.569490  -375247.212699  0.000000
  0.000000  0.000000  0.000000


  -4967580.132097  665995.229612  0.000000
  665995.229612  -490104.912769  0.000000
  0.000000  0.000000  0.000000


  -5035751.136226  387878.762067  0.000000
  387878.762067  -580945.501346  0.000000
  0.000000  0.000000  0.000000


  -5067395.250527  860095.354757  0.000000
  860095.354757  -618994.143780  0.000000
  0.000000  0.000000  0.000000


  -5116497.619462  589398.532853  0.000000
  589398.532853  -582953.479360  0.000000
  0.000000  0.000000  0.000000


  -4679287.888843  1020955.929464  0.000000
  1020955.929464  -465303.235814  0.000000
  0.000000  0.000000  0.000000


  -4766534.538157  601874.025159  0.000000
  601874.025159  -573464.707038  0.000000
  0.000000  0.000000  0.000000


  -5417641.280601  1024632.203931  0.000000
  1024632.203931  -513189.920975  0.000000
  0.000000  0.000000  0.000000


  -4769560.319626  1123377.800928  0.000000
  1123377.800928  -749897.472641  0.000000
  0.000000  0.000000  0.000000


  -4839245.917983  731507.900880  0.000000
  731507.900880  -694379.885718  0.000000
  0.000000  0.000000  0.000000


  -4107510.692077  1356177.800616  0.000000
  1356177.800616  -582479.456509  0.000000
  0.000000  0.000000  0.000000


  -4181239.703936  1076854.712843  0.000000
  1076854.712843  -671237.942192  0.000000
  0.000000  0.000000  0.000000


  -4564757.831671  848621.717423  0.000000
  848621.717423  -578061.033705  0.000000
  0.000000  0.000000  0.000000


  -4982990.616815  1406055.435137  0.000000
  1406055.435137  -681554.216858  0.000000
  0.000000  0.000000  0.000000


  -4206736.795407  1011281.804785  0.000000
  1011281.804785  -968779.629418  0.000000
  0.000000  0.000000  0.000000


  -4628826.455722  912757.181064  0.000000
  912757.181064  -799710.536176  0.000000
  0.000000  0.000000  0.000000


  -4855812.970335  1243325.661671  0.000000
  1243325.661671  -322978.564991  0.000000
  0.000000  0.000000  0.000000


  -3640994.411891  1187854.701521  0.000000
  1187854.701521  -876645.812532  0.000000
  0.000000  0.000000  0.000000


  -5958825.958398  1250482.677287  0.000000
  1250482.677287  -396071.313254  0.000000
  0.000000  0.000000  0.000000


  -4133290.496541  1253385.218332  0.000000
  1253385.218332  -967174.754718  0.000000
  0.000000  0.000000  0.000000


  -5107295.468472  1541431.770287  0.000000
  1541431.770287  -200047.739253  0.000000
  0.000000  0.000000  0.000000


  -3320979.506215  1495550.740571  0.000000
  1495550.740571  -860767.241057  0.000000
  0.000000  0.000000  0.000000


  -3984143.278320  1536089.888037  0.000000
  1536089.888037  -938370.723956  0.000000
  0.000000  0.000000  0.000000


  -3233055.568102  1127721.328035  0.000000
  1127721.328035  -1199584.240440  0.000000
  0.000000  0.000000  0.000000


  -3983864.420603  1726193.521788  0.000000
  1726193.521788  -499922.268144  0.000000
  0.000000  0.000000  0.000000


  -2499724.036117  1315046.870046  0.000000
  1315046.870046  -1174798.454624  0.000000
  0.000000  0.000000  0.000000


  -5281764.847037  1788882.062086  0.000000
  1788882.062086  -636336.350610  0.000000
  0.000000  0.000000  0.000000


  -2667734.111841  1232268.692799  0.000000
  1232268.692799  -1113803.294819  0.000000
  0.000000  0.000000  0.000000


  -3694848.840377  2258469.792232  0.000000
  2258469.792232  -436420.270758  0.000000
  0.000000  0.000000  0.000000


  -2865866.372618  1814761.412349  0.000000
  1814761.412349  -916485.828441  0.000000
  0.000000  0.000000  0.000000


  -5767064.206636  2243536.822902  0.000000
  2243536.822902  -547358.267840  0.000000
  0.000000  0.000000  0.000000


  -3627238.089544  1847048.613995  0.000000
  1847048.613995  -992338.394962  0.000000
  0.000000  0.000000  0.000000


  -2100149.654402  2121358.012506  0.000000
  2121358.012506  -1204391.547201  0.000000
  0.000000  0.000000  0.000000


  -2041436.844975  1477703.180593  0.000000
  1477703.180593  -602908.204995  0.000000
  0.000000  0.000000  0.000000


  -1649638.520025  1060310.868167  0.000000
  1060310.868167  -1047735.305330  0.000000
  0.000000  0.000000  0.000000


  -3096207.262058  3620136.666751  0.000000
  3620136.666751  -1755041.504952  0.000000
  0.000000  0.000000  0.000000


  -1131511.524941  2049298.603013  0.000000
  2049298.603013  -1238445.215024  0.000000
  0.000000  0.000000  0.000000


  -1085986.699186  728001.048781  0.000000
  728001.048781  874347.315897  0.000000
  0.000000  0.000000  0.000000


  -3864242.925134  -636120.603602  0.000000
  -636120.603602  -1587303.438865  0.000000
  0.000000  0.000000  0.000000


  -4156425.943687  -156227.418467  0.000000
  -156227.418467  -2167464.704345  0.000000
  0.000000  0.000000  0.000000


  -4915995.467835  -1132617.067308  0.000000
  -1132617.067308  -2141755.508471  0.000000
  0.000000  0.000000  0.000000


  -4127286.735336  68953.733815  0.000000
  68953.733815  -1670574.400866  0.000000
  0.000000  0.000000  0.000000


  -2840418.207440  -1353379.807231  0.000000
  -1353379.807231  -1811654.339234  0.000000
  0.000000  0.000000  0.000000


  -4630757.299502  -32412.279944  0.000000
  -32412.279944  -1606732.569831  0.000000
  0.000000  0.000000  0.000000


  -3350034.748103  -469619.651106  0.000000
  -469619.651106  -2716136.613158  0.000000
  0.000000  0.000000  0.000000


  -4697338.341930  100016.601015  0.000000
  100016.601015  -1268636.691346  0.000000
  0.000000  0.000000  0.000000


  -3013619.920017  -128754.734053  0.000000
  -128754.734053  -2124151.110403  0.000000
  0.000000  0.000000  0.000000


  -4854444.904001  -5777.395975  0.000000
  -5777.395975  -1179821.204951  0.000000
  0.000000  0.000000  0.000000


  -4755307.125487  270877.439960  0.000000
  270877.439960  -1209922.571659  0.000000
  0.000000  0.000000  0.000000


  -4933728.130331  61495.382174  0.000000
  61495.382174  -983155.761934  0.000000
  0.000000  0.000000  0.000000


  -5152750.385329  236050.628707  0.000000
  236050.628707  -1071453.919974  0.000000
  0.000000  0.000000  0.000000


  -4911590.062597  -26653.933181  0.000000
  -26653.933181  -899931.895623  0.000000
  0.000000  0.000000  0.000000


  -4922554.249870  68736.874798  0.000000
  68736.874798  -902156.098555  0.000000
  0.000000  0.000000  0.000000


  -4917544.168639  14455.862040  0.000000
  14455.862040  -839759.476144  0.000000
  0.000000  0.000000  0.000000


  -5146838.672291  38971.841991  0.000000
  38971.841991  -847045.323660  0.000000
  0.000000  0.000000  0.000000


  -4928043.102121  -14506.324134  0.000000
  -14506.324134  -813486.039274  0.000000
  0.000000  0.000000  0.000000


  -4927383.798538  -75068.192889  0.000000
  -75068.192889  -727885.070347  0.000000
  0.000000  0.000000  0.000000


  -4951225.439692  86718.649815  0.000000
  86718.649815  -714405.123278  0.000000
  0.000000  0.000000  0.000000


  -4902768.643880  27199.167884  0.000000
  27199.167884  -732349.010475  0.000000
  0.000000  0.000000  0.000000


  -4971011.816364  514.726187  0.000000
  514.726187  -805490.487806  0.000000
  0.000000  0.000000  0.000000


  -5051856.746747  19608.207608  0.000000
  19608.207608  -812108.281718  0.000000
  0.000000  0.000000  0.000000


  -4822699.858413  -1334.617774  0.000000
  -1334.617774  -701018.612384  0.000000
  0.000000  0.000000  0.000000


  -5083666.914354  171738.028137  0.000000
  171738.028137  -645767.537999  0.000000
  0.000000  0.000000  0.000000


  -4863423.773975  113943.177075  0.000000
  113943.177075  -670681.468417  0.000000
  0.000000  0.000000  0.000000


  -5213772.798256  112014.039523  0.000000
  112014.039523  -710496.543153  0.000000
  0.000000  0.000000  0.000000


  -4985606.011756  203235.236344  0.000000
  203235.236344  -669120.416535  0.000000
  0.000000  0.000000  0.000000


  -4898676.915686  87382.478414  0.000000
  87382.478414  -711856.622922  0.000000
  0.000000  0.000000  0.000000


  -5240582.788334  43637.609428  0.000000
  43637.609428  -648590.603718  0.000000
  0.000000  0.000000  0.000000


  -4941725.748930  224005.171130  0.000000
  224005.171130  -645861.745361  0.000000
  0.000000  0.000000  0.000000


  -4807111.450467  228838.100444  0.000000
  228838.100444  -642242.394648  0.000000
  0.000000  0.000000  0.000000


  -4862725.450195  368607.439355  0.000000
  368607.439355  -641386.339566  0.000000
  0.000000  0.000000  0.000000


  -4804804.544792  228736.342493  0.000000
  228736.342493  -643738.327873  0.000000
  0.000000  0.000000  0.000000


  -4827317.319667  391475.555436  0.000000
  391475.555436  -608706.006117  0.000000
  0.000000  0.000000  0.000000


  -4671355.456891  361188.465620  0.000000
  361188.465620  -622966.454945  0.000000
  0.000000  0.000000  0.000000


  -4659214.428335  214405.348480  0.000000
  214405.348480  -621655.898969  0.000000
  0.000000  0.000000  0.000000


  -5043207.191841  374934.046442  0.000000
  374934.046442  -606342.155753  0.000000
  0.000000  0.000000  0.000000


  -4729221.876850  477429.205771  0.000000
  477429.205771  -689151.408848  0.000000
  0.000000  0.000000  0.000000


  -4713869.223009  336222.223042  0.000000
  336222.223042  -656531.573800  0.000000
  0.000000  0.000000  0.000000


  -4627214.183843  529744.551553  0.000000
  529744.551553  -625899.070415  0.000000
  0.000000  0.000000  0.000000


  -4547357.068937  308576.656038  0.000000
  308576.656038  -620819.796226  0.000000
  0.000000  0.000000  0.000000


  -4892891.675163  538040.276948  0.000000
  538040.276948  -649607.680390  0.000000
  0.000000  0.000000  0.000000


  -4685170.385419  624090.670897  0.000000
  624090.670897  -742915.692706  0.000000
  0.000000  0.000000  0.000000


  -4601788.372427  408801.482500  0.000000
  408801.482500  -704024.931753  0.000000
  0.000000  0.000000  0.000000


  -4489955.534904  710270.164605  0.000000
  710270.164605  -653611.280739  0.000000
  0.000000  0.000000  0.000000


  -4523144.370749  450633.701131  0.000000
  450633.701131  -651845.358068  0.000000
  0.000000  0.000000  0.000000


  -4538271.649817  753194.255768  0.000000
  753194.255768  -833266.462131  0.000000
  0.000000  0.000000  0.000000


  -4574340.174345  527491.230456  0.000000
  527491.230456  -770118.048144  0.000000
  0.000000  0.000000  0.000000


  -4232686.637338  869551.646961  0.000000
  869551.646961  -735712.988678  0.000000
  0.000000  0.000000  0.000000


  -4437381.379233  592021.236531  0.000000
  592021.236531  -698198.379372  0.000000
  0.000000  0.000000  0.000000


  -4253880.474062  823005.548545  0.000000
  823005.548545  -964744.301973  0.000000
  0.000000  0.000000  0.000000


  -4477927.464007  625481.658971  0.000000
  625481.658971  -854846.461864  0.000000
  0.000000  0.000000  0.000000


  -3861742.881324  949789.739254  0.000000
  949789.739254  -890873.387521  0.000000
  0.000000  0.000000  0.000000


  -4269948.491343  709795.199536  0.000000
  709795.199536  -776787.601706  0.000000
  0.000000  0.000000  0.000000


  -3836357.159844  784935.804811  0.000000
  784935.804811  -1123481.898102  0.000000
  0.000000  0.000000  0.000000


  -4289084.209426  676356.556720  0.000000
  676356.556720  -963844.723628  0.000000
  0.000000  0.000000  0.000000


  -3434452.773231  890247.233498  0.000000
  890247.233498  -1103868.915474  0.000000
  0.000000  0.000000  0.000000


  -3713050.022972  729453.307977  0.000000
  729453.307977  -1064512.491184  0.000000
  0.000000  0.000000  0.000000


  -4020342.437598  768876.637256  0.000000
  768876.637256  -900392.562175  0.000000
  0.000000  0.000000  0.000000


  -3595655.071782  947825.216098  0.000000
  947825.216098  -1167068.011510  0.000000
  0.000000  0.000000  0.000000


  -3657626.517242  512067.096067  0.000000
  512067.096067  -1244825.236156  0.000000
  0.000000  0.000000  0.000000


  -3048915.654053  1086698.809631  0.000000
  1086698.809631  -1150383.580999  0.000000
  0.000000  0.000000  0.000000


  -3306706.830375  542550.774824  0.000000
  542550.774824  -1230662.349155  0.000000
  0.000000  0.000000  0.000000


  -2946698.900528  721970.978327  0.000000
  721970.978327  -1399749.646268  0.000000
  0.000000  0.000000  0.000000


  -2234009.344717  771117.496688  0.000000
  771117.496688  -1345981.293126  0.000000
  0.000000  0.000000  0.000000


  -3350570.725554  600314.548170  0.000000
  600314.548170  -1286966.215015  0.000000
  0.000000  0.000000  0.000000


  -3336922.148205  240134.641580  0.000000
  240134.641580  -1395234.601289  0.000000
  0.000000  0.000000  0.000000


  -2958581.051039  678090.357275  0.000000
  678090.357275  -1324628.639948  0.000000
  0.000000  0.000000  0.000000


  -3425805.344518  861988.564643  0.000000
  861988.564643  -2221611.298165  0.000000
  0.000000  0.000000  0.000000


  -4403717.429259  774420.742721  0.000000
  774420.742721  -1885162.759886  0.000000
  0.000000  0.000000  0.000000


  -3251305.347586  992678.576007  0.000000
  992678.576007  -2332511.737117  0.000000
  0.000000  0.000000  0.000000


  -4311850.956493  536697.511998  0.000000
  536697.511998  -1658791.233372  0.000000
  0.000000  0.000000  0.000000


  -3628504.722810  2320772.744864  0.000000
  2320772.744864  -1453255.119456  0.000000
  0.000000  0.000000  0.000000


  -1875515.089036  1246319.541100  0.000000
  1246319.541100  -2508751.716042  0.000000
  0.000000  0.000000  0.000000


  -4954009.491330  486190.078787  0.000000
  486190.078787  -1421911.002407  0.000000
  0.000000  0.000000  0.000000


  -6178979.519469  1555586.915555  0.000000
  1555586.915555  -1643746.898673  0.000000
  0.000000  0.000000  0.000000


  -1631168.839094  -22932.438541  0.000000
  -22932.438541  -1314902.911538  0.000000
  0.000000  0.000000  0.000000


  -4944410.169865  639570.617580  0.000000
  639570.617580  -1014165.147481  0.000000
  0.000000  0.000000  0.000000


  -4503767.039498  1283970.793582  0.000000
  1283970.793582  -1290511.163287  0.000000
  0.000000  0.000000  0.000000


  -5721258.156434  448153.008663  0.000000
  448153.008663  -1024424.127648  0.000000
  0.000000  0.000000  0.000000


  -5899571.171048  926977.779978  0.000000
  926977.779978  -1338695.511606  0.000000
  0.000000  0.000000  0.000000


  -5089872.558066  211239.718325  0.000000
  211239.718325  -766303.608435  0.000000
  0.000000  0.000000  0.000000


  -5547189.495398  220396.395618  0.000000
  220396.395618  -545189.138294  0.000000
  0.000000  0.000000  0.000000


  -5712017.338438  694008.246412  0.000000
  694008.246412  -793767.486574  0.000000
  0.000000  0.000000  0.000000


  -5995531.660264  56129.316913  0.000000
  56129.316913  -673630.254770  0.000000
  0.000000  0.000000  0.000000


  -6495572.958381  482594.886635  0.000000
  482594.886635  -845892.499240  0.000000
  0.000000  0.000000  0.000000


  -5348330.445197  -135829.381993  0.000000
  -135829.381993  -456319.847339  0.000000
  0.000000  0.000000  0.000000


  -6212080.655720  -16022.047857  0.000000
  -16022.047857  -358813.633761  0.000000
  0.000000  0.000000  0.000000


  -5501078.031350  93973.654508  0.000000
  93973.654508  -808047.197749  0.000000
  0.000000  0.000000  0.000000


  -5527835.406914  -243408.133185  0.000000
  -243408.133185  -602970.527390  0.000000
  0.000000  0.000000  0.000000


  -6535982.983832  -156121.157562  0.000000
  -156121.157562  -500404.640936  0.000000
  0.000000  0.000000  0.000000


  -5130713.125969  -349901.975652  0.000000
  -349901.975652  -480119.136453  0.000000
  0.000000  0.000000  0.000000


  -5352345.172392  -574044.042670  0.000000
  -574044.042670  -351955.599563  0.000000
  0.000000  0.000000  0.000000


  -5752289.110936  -370836.101234  0.000000
  -370836.101234  -253732.714189  0.000000
  0.000000  0.000000  0.000000


  -5251266.450907  -140864.853473  0.000000
  -140864.853473  -694132.317649  0.000000
  0.000000  0.000000  0.000000


  -5237897.819671  -623021.528896  0.000000
  -623021.528896  -526221.936478  0.000000
  0.000000  0.000000  0.000000


  -5784899.478350  -474038.523963  0.000000
  -474038.523963  -470913.445685  0.000000
  0.000000  0.000000  0.000000


  -5066387.958294  -68593.389323  0.000000
  -68593.389323  -630841.223701  0.000000
  0.000000  0.000000  0.000000


  -5034025.310545  -652119.549272  0.000000
  -652119.549272  -486909.745251  0.000000
  0.000000  0.000000  0.000000


  -5554106.200800  -962403.852057  0.000000
  -962403.852057  -263813.092366  0.000000
  0.000000  0.000000  0.000000


  -5151260.328547  -407686.206131  0.000000
  -407686.206131  -600467.175054  0.000000
  0.000000  0.000000  0.000000


  -5155388.680512  -953857.088347  0.000000
  -953857.088347  -462844.173522  0.000000
  0.000000  0.000000  0.000000


  -5860806.547029  -886778.963043  0.000000
  -886778.963043  -352541.687287  0.000000
  0.000000  0.000000  0.000000


  -4924118.834220  -452807.336848  0.000000
  -452807.336848  -544868.310548  0.000000
  0.000000  0.000000  0.000000


  -5097118.958384  -948815.079104  0.000000
  -948815.079104  -464017.719823  0.000000
  0.000000  0.000000  0.000000


  -5592450.821085  -1541545.929562  0.000000
  -1541545.929562  -311481.515135  0.000000
  0.000000  0.000000  0.000000


  -5013209.753351  -275577.924057  0.000000
  -275577.924057  -650751.941965  0.000000
  0.000000  0.000000  0.000000


  -4721010.954516  -913244.292463  0.000000
  -913244.292463  -589100.812300  0.000000
  0.000000  0.000000  0.000000


  -4700988.438835  -1396605.409123  0.000000
  -1396605.409123  -469885.572423  0.000000
  0.000000  0.000000  0.000000


  -4957752.587940  -235087.069885  0.000000
  -235087.069885  -588921.627210  0.000000
  0.000000  0.000000  0.000000


  -4785971.593156  -871241.612129  0.000000
  -871241.612129  -632033.805417  0.000000
  0.000000  0.000000  0.000000


  -5012326.087982  -1344669.305081  0.000000
  -1344669.305081  -536886.114156  0.000000
  0.000000  0.000000  0.000000


  -4864308.886943  -661788.886535  0.000000
  -661788.886535  -601936.065531  0.000000
  0.000000  0.000000  0.000000


  -4468184.653169  -821749.220657  0.000000
  -821749.220657  -693456.833953  0.000000
  0.000000  0.000000  0.000000


  -4793797.934164  -650933.247486  0.000000
  -650933.247486  -607774.011211  0.000000
  0.000000  0.000000  0.000000


  -4583929.527984  -766755.310337  0.000000
  -766755.310337  -751517.407804  0.000000
  0.000000  0.000000  0.000000


  -4448877.804400  -939691.402012  0.000000
  -939691.402012  -853274.538617  0.000000
  0.000000  0.000000  0.000000


  -4867249.978143  -475706.676352  0.000000
  -475706.676352  -628187.056806  0.000000
  0.000000  0.000000  0.000000


  -4621611.152290  -637408.775728  0.000000
  -637408.775728  -671328.484153  0.000000
  0.000000  0.000000  0.000000


  -4077508.550025  -844363.220810  0.000000
  -844363.220810  -839661.415673  0.000000
  0.000000  0.000000  0.000000


  -4619469.313312  -605562.813835  0.000000
  -605562.813835  -700784.293407  0.000000
  0.000000  0.000000  0.000000


  -4339131.964044  -771203.581884  0.000000
  -771203.581884  -923384.284152  0.000000
  0.000000  0.000000  0.000000


  -4116829.132394  -844832.750980  0.000000
  -844832.750980  -1067219.049841  0.000000
  0.000000  0.000000  0.000000


  -4661806.962523  -482876.546011  0.000000
  -482876.546011  -662717.879767  0.000000
  0.000000  0.000000  0.000000


  -4334941.563931  -714396.616007  0.000000
  -714396.616007  -768710.748789  0.000000
  0.000000  0.000000  0.000000


  -3680706.302100  -711061.140236  0.000000
  -711061.140236  -1001537.453837  0.000000
  0.000000  0.000000  0.000000


  -4745148.720440  -481979.949961  0.000000
  -481979.949961  -615004.975649  0.000000
  0.000000  0.000000  0.000000


  -4458494.502102  -657479.477964  0.000000
  -657479.477964  -829028.280054  0.000000
  0.000000  0.000000  0.000000


  -4096214.111588  -640252.683477  0.000000
  -640252.683477  -1102226.035454  0.000000
  0.000000  0.000000  0.000000


  -4807452.382048  -338400.218767  0.000000
  -338400.218767  -643927.365776  0.000000
  0.000000  0.000000  0.000000


  -4471138.275437  -581731.927193  0.000000
  -581731.927193  -727792.334077  0.000000
  0.000000  0.000000  0.000000


  -4041531.843792  -686908.346284  0.000000
  -686908.346284  -894475.628688  0.000000
  0.000000  0.000000  0.000000


  -4817672.385084  -320401.116444  0.000000
  -320401.116444  -597333.515242  0.000000
  0.000000  0.000000  0.000000


  -4496962.289566  -534288.382727  0.000000
  -534288.382727  -773422.654726  0.000000
  0.000000  0.000000  0.000000


  -4299073.062997  -614118.248212  0.000000
  -614118.248212  -977609.357965  0.000000
  0.000000  0.000000  0.000000


  -4883910.467394  -184201.307887  0.000000
  -184201.307887  -665872.833704  0.000000
  0.000000  0.000000  0.000000


  -4516046.137383  -450110.265910  0.000000
  -450110.265910  -689907.512734  0.000000
  0.000000  0.000000  0.000000


  -4273713.656897  -613384.252369  0.000000
  -613384.252369  -829857.112828  0.000000
  0.000000  0.000000  0.000000


  -4846567.370614  -167794.170997  0.000000
  -167794.170997  -648968.202527  0.000000
  0.000000  0.000000  0.000000


  -4599933.056540  -464297.297270  0.000000
  -464297.297270  -676251.252328  0.000000
  0.000000  0.000000  0.000000


  -5035358.607072  -99319.794472  0.000000
  -99319.794472  -723951.716467  0.000000
  0.000000  0.000000  0.000000


  -4900770.697673  -56956.189759  0.000000
  -56956.189759  -706472.095110  0.000000
  0.000000  0.000000  0.000000


  -4867813.601055  -63615.038309  0.000000
  -63615.038309  -739698.422154  0.000000
  0.000000  0.000000  0.000000


  -4770534.480826  -99144.418923  0.000000
  -99144.418923  -659435.143196  0.000000
  0.000000  0.000000  0.000000


  -4817338.275643  13419.301458  0.000000
  13419.301458  -670353.604886  0.000000
  0.000000  0.000000  0.000000


  -4782354.992742  -99391.130958  0.000000
  -99391.130958  -653519.470009  0.000000
  0.000000  0.000000  0.000000


  -4700782.832367  -11884.584209  0.000000
  -11884.584209  -639826.163526  0.000000
  0.000000  0.000000  0.000000


  -4651961.757479  -125241.644282  0.000000
  -125241.644282  -621650.755100  0.000000
  0.000000  0.000000  0.000000


  -4748747.120750  108111.225321  0.000000
  108111.225321  -640367.596139  0.000000
  0.000000  0.000000  0.000000


  -4700396.094272  -6993.152014  0.000000
  -6993.152014  -628897.681021  0.000000
  0.000000  0.000000  0.000000


  -4755434.452664  101232.758128  0.000000
  101232.758128  -652369.067844  0.000000
  0.000000  0.000000  0.000000


  -4577518.655776  -30054.782870  0.000000
  -30054.782870  -600072.375648  0.000000
  0.000000  0.000000  0.000000


  -4625837.032808  88609.510832  0.000000
  88609.510832  -605695.919525  0.000000
  0.000000  0.000000  0.000000


  -4577142.421367  -22779.899929  0.000000
  -22779.899929  -583709.746743  0.000000
  0.000000  0.000000  0.000000


  -4622267.361315  86432.565322  0.000000
  86432.565322  -612610.232637  0.000000
  0.000000  0.000000  0.000000


  -4503767.667404  58200.270334  0.000000
  58200.270334  -570093.510583  0.000000
  0.000000  0.000000  0.000000


  -4465785.056249  -45657.875129  0.000000
  -45657.875129  -555748.679830  0.000000
  0.000000  0.000000  0.000000


  -4553226.260976  171345.452205  0.000000
  171345.452205  -594966.932325  0.000000
  0.000000  0.000000  0.000000


  -4509226.024370  67910.873850  0.000000
  67910.873850  -544985.752636  0.000000
  0.000000  0.000000  0.000000


  -4533511.047081  176411.570085  0.000000
  176411.570085  -594232.312238  0.000000
  0.000000  0.000000  0.000000


  -4409994.343132  25460.452877  0.000000
  25460.452877  -499573.020243  0.000000
  0.000000  0.000000  0.000000


  -4673507.156072  206878.017790  0.000000
  206878.017790  -630967.604273  0.000000
  0.000000  0.000000  0.000000


  -4587009.134217  287714.247137  0.000000
  287714.247137  -646606.331649  0.000000
  0.000000  0.000000  0.000000


  -4453693.691392  127217.793556  0.000000
  127217.793556  -517442.649483  0.000000
  0.000000  0.000000  0.000000


  -4447157.486061  239871.159845  0.000000
  239871.159845  -593736.888877  0.000000
  0.000000  0.000000  0.000000


  -4427507.113632  122662.282508  0.000000
  122662.282508  -542168.263641  0.000000
  0.000000  0.000000  0.000000


  -4342227.656715  52531.305324  0.000000
  52531.305324  -441345.440355  0.000000
  0.000000  0.000000  0.000000


  -4499810.782852  330697.158271  0.000000
  330697.158271  -688298.784029  0.000000
  0.000000  0.000000  0.000000


  -4395235.259679  156826.463957  0.000000
  156826.463957  -506997.061725  0.000000
  0.000000  0.000000  0.000000


  -4367577.045126  82436.919802  0.000000
  82436.919802  -359341.893270  0.000000
  0.000000  0.000000  0.000000


  -4438600.915352  361946.735230  0.000000
  361946.735230  -650668.116022  0.000000
  0.000000  0.000000  0.000000


  -4364905.295469  155227.846418  0.000000
  155227.846418  -527257.948859  0.000000
  0.000000  0.000000  0.000000


  -4488866.984338  432312.581223  0.000000
  432312.581223  -778495.779720  0.000000
  0.000000  0.000000  0.000000


  -4480051.257117  228296.365987  0.000000
  228296.365987  -602073.713479  0.000000
  0.000000  0.000000  0.000000


  -4394888.858688  481931.587703  0.000000
  481931.587703  -716984.615093  0.000000
  0.000000  0.000000  0.000000


  -4349374.820147  361234.696459  0.000000
  361234.696459  -704063.769170  0.000000
  0.000000  0.000000  0.000000


  -4433876.606256  514215.330804  0.000000
  514215.330804  -867360.897799  0.000000
  0.000000  0.000000  0.000000


  -4396691.929263  402167.936393  0.000000
  402167.936393  -882539.275895  0.000000
  0.000000  0.000000  0.000000


  -4296217.720378  577292.501155  0.000000
  577292.501155  -799134.384099  0.000000
  0.000000  0.000000  0.000000


  -4312544.147918  456023.163547  0.000000
  456023.163547  -805992.608542  0.000000
  0.000000  0.000000  0.000000


  -4316154.579695  554553.466364  0.000000
  554553.466364  -966219.112716  0.000000
  0.000000  0.000000  0.000000


  -4336326.689680  442199.436209  0.000000
  442199.436209  -974741.066399  0.000000
  0.000000  0.000000  0.000000


  -4134541.978827  624522.319670  0.000000
  624522.319670  -906382.691445  0.000000
  0.000000  0.000000  0.000000


  -4215886.103072  499874.323620  0.000000
  499874.323620  -909383.109183  0.000000
  0.000000  0.000000  0.000000


  -4128171.399461  536859.799346  0.000000
  536859.799346  -1071130.586508  0.000000
  0.000000  0.000000  0.000000


  -3929717.565223  599246.785300  0.000000
  599246.785300  -1037789.298904  0.000000
  0.000000  0.000000  0.000000


  -4086727.657622  487746.048266  0.000000
  487746.048266  -1023008.251962  0.000000
  0.000000  0.000000  0.000000


  -4005042.631106  648748.513450  0.000000
  648748.513450  -1088313.142608  0.000000
  0.000000  0.000000  0.000000


  -4061353.572928  366383.628664  0.000000
  366383.628664  -1155739.312892  0.000000
  0.000000  0.000000  0.000000


  -4218096.007292  436694.430396  0.000000
  436694.430396  -1067293.839554  0.000000
  0.000000  0.000000  0.000000


  -3931815.125715  392660.450318  0.000000
  392660.450318  -1142965.949635  0.000000
  0.000000  0.000000  0.000000


  -4196747.784885  381183.372312  0.000000
  381183.372312  -1014438.917197  0.000000
  0.000000  0.000000  0.000000


  -3889665.396567  434163.445581  0.000000
  434163.445581  -1186418.260549  0.000000
  0.000000  0.000000  0.000000


  -4187653.243301  289557.478934  0.000000
  289557.478934  -1172604.835121  0.000000
  0.000000  0.000000  0.000000


  -3640924.643431  453801.147968  0.000000
  453801.147968  -1178180.567987  0.000000
  0.000000  0.000000  0.000000


  -4107316.581284  330764.784817  0.000000
  330764.784817  -1122776.257155  0.000000
  0.000000  0.000000  0.000000


  -3587200.811188  195627.196938  0.000000
  195627.196938  -1304508.978272  0.000000
  0.000000  0.000000  0.000000


  -4020813.922850  176416.774909  0.000000
  176416.774909  -1191120.185584  0.000000
  0.000000  0.000000  0.000000


  -4024242.357807  164359.095862  0.000000
  164359.095862  -1225636.006152  0.000000
  0.000000  0.000000  0.000000


  -4174721.105523  182909.505262  0.000000
  182909.505262  -1206421.830045  0.000000
  0.000000  0.000000  0.000000


  -4140165.313971  66200.468514  0.000000
  66200.468514  -1275575.009590  0.000000
  0.000000  0.000000  0.000000


  -4220126.920657  126515.814587  0.000000
  126515.814587  -1309980.425068  0.000000
  0.000000  0.000000  0.000000


  -4274484.134542  122023.512026  0.000000
  122023.512026  -1296540.797293  0.000000
  0.000000  0.000000  0.000000


  -4225357.344833  248548.442324  0.000000
  248548.442324  -1136778.488846  0.000000
  0.000000  0.000000  0.000000


  -4279150.932578  194004.063667  0.000000
  194004.063667  -1247888.335899  0.000000
  0.000000  0.000000  0.000000


  -4284488.255836  140403.016640  0.000000
  140403.016640  -1223630.142723  0.000000
  0.000000  0.000000  0.000000


  -4263722.875656  261308.131102  0.000000
  261308.131102  -1004366.680407  0.000000
  0.000000  0.000000  0.000000


  -4324425.600288  163818.182226  0.000000
  163818.182226  -1154615.534354  0.000000
  0.000000  0.000000  0.000000


  -4282336.075202  330329.195064  0.000000
  330329.195064  -1083361.032510  0.000000
  0.000000  0.000000  0.000000


  -4273502.608533  371543.608365  0.000000
  371543.608365  -905318.061941  0.000000
  0.000000  0.000000  0.000000


  -4342912.325009  310571.826554  0.000000
  310571.826554  -1020390.269188  0.000000
  0.000000  0.000000  0.000000


  -4298983.606777  173426.651116  0.000000
  173426.651116  -880517.631235  0.000000
  0.000000  0.000000  0.000000


  -4307186.914178  304322.262373  0.000000
  304322.262373  -786251.970515  0.000000
  0.000000  0.000000  0.000000


  -4374299.367266  261242.251106  0.000000
  261242.251106  -841744.578810  0.000000
  0.000000  0.000000  0.000000


  -4324835.419633  135148.615834  0.000000
  135148.615834  -761879.272571  0.000000
  0.000000  0.000000  0.000000


  -4328981.361812  126292.249999  0.000000
  126292.249999  -624318.043028  0.000000
  0.000000  0.000000  0.000000


  -4321520.779415  222171.469589  0.000000
  222171.469589  -627531.861377  0.000000
  0.000000  0.000000  0.000000


  -4359807.257551  162820.688775  0.000000
  162820.688775  -732242.309107  0.000000
  0.000000  0.000000  0.000000


  -4418972.361827  324086.271666  0.000000
  324086.271666  -750532.930596  0.000000
  0.000000  0.000000  0.000000


  -4377141.551343  260966.170809  0.000000
  260966.170809  -616130.802457  0.000000
  0.000000  0.000000  0.000000


  -4418289.180106  242492.279024  0.000000
  242492.279024  -634222.490199  0.000000
  0.000000  0.000000  0.000000


  -4327057.428240  107927.144173  0.000000
  107927.144173  -534842.214733  0.000000
  0.000000  0.000000  0.000000


  -5525466.326794  -77126.973257  0.000000
  -77126.973257  -767527.780533  0.000000
  0.000000  0.000000  0.000000


  -4606446.764141  -1763235.985360  0.000000
  -1763235.985360  -767830.906392  0.000000
  0.000000  0.000000  0.000000


  -3576020.588839  -1849455.827312  0.000000
  -1849455.827312  -625669.761420  0.000000
  0.000000  0.000000  0.000000


  -3625465.370332  -1917298.518650  0.000000
  -1917298.518650  -1066358.662212  0.000000
  0.000000  0.000000  0.000000


  -2333229.663522  -1570140.558722  0.000000
  -1570140.558722  -983803.926687  0.000000
  0.000000  0.000000  0.000000


  -1784114.060569  -1965742.971551  0.000000
  -1965742.971551  -910443.129544  0.000000
  0.000000  0.000000  0.000000


  -3596914.913506  -1467559.357395  0.000000
  -1467559.357395  -1155214.054736  0.000000
  0.000000  0.000000  0.000000


  -2045641.449327  -1347487.818818  0.000000
  -1347487.818818  -996089.837633  0.000000
  0.000000  0.000000  0.000000


  -3516352.187253  -1496218.004183  0.000000
  -1496218.004183  -757044.038057  0.000000
  0.000000  0.000000  0.000000


  -1075166.867456  -1171466.560928  0.000000
  -1171466.560928  -1076308.435903  0.000000
  0.000000  0.000000  0.000000


  -230669.941832  -1052449.464580  0.000000
  -1052449.464580  -859429.432567  0.000000
  0.000000  0.000000  0.000000


  -2529866.990494  -1207356.561411  0.000000
  -1207356.561411  -1282794.324975  0.000000
  0.000000  0.000000  0.000000


  -1299132.607373  -344770.250116  0.000000
  -344770.250116  -804085.194307  0.000000
  0.000000  0.000000  0.000000


  -828672.083967  -187726.989687  0.000000
  -187726.989687  404001.811411  0.000000
  0.000000  0.000000  0.000000


  -1869572.778168  -1037908.181022  0.000000
  -1037908.181022  -1246225.685370  0.000000
  0.000000  0.000000  0.000000


  -2922938.356923  -947439.516906  0.000000
  -947439.516906  -1393717.915116  0.000000
  0.000000  0.000000  0.000000


  -1889957.647781  -370609.509626  0.000000
  -370609.509626  -1321781.387909  0.000000
  0.000000  0.000000  0.000000


  -2755001.493565  -1219373.402134  0.000000
  -1219373.402134  -1051316.540465  0.000000
  0.000000  0.000000  0.000000


  -2363068.009085  -760789.163981  0.000000
  -760789.163981  -1275408.801922  0.000000
  0.000000  0.000000  0.000000


  -3633775.087764  -1127054.980993  0.000000
  -1127054.980993  -1190009.129765  0.000000
  0.000000  0.000000  0.000000


  -3152229.698067  -708562.538908  0.000000
  -708562.538908  -1371465.711905  0.000000
  0.000000  0.000000  0.000000


  -3553106.298322  -1192540.434633  0.000000
  -1192540.434633  -875853.140222  0.000000
  0.000000  0.000000  0.000000


  -3067368.694785  -948432.682924  0.000000
  -948432.682924  -1093571.525634  0.000000
  0.000000  0.000000  0.000000


  -4300284.499511  -1385884.998260  0.000000
  -1385884.998260  -906759.785198  0.000000
  0.000000  0.000000  0.000000


  -3750196.329394  -859654.107840  0.000000
  -859654.107840  -1235991.615160  0.000000
  0.000000  0.000000  0.000000


  -4318931.807129  -1217267.519819  0.000000
  -1217267.519819  -626695.650209  0.000000
  0.000000  0.000000  0.000000


  -3670710.132468  -936635.721881  0.000000
  -936635.721881  -955064.339617  0.000000
  0.000000  0.000000  0.000000


  -4655280.840948  -1136031.964082  0.000000
  -1136031.964082  -722421.753818  0.000000
  0.000000  0.000000  0.000000


  -4159945.116393  -1081080.402557  0.000000
  -1081080.402557  -1015949.451855  0.000000
  0.000000  0.000000  0.000000


  -4136780.306209  -1025486.075901  0.000000
  -1025486.075901  -754773.651833  0.000000
  0.000000  0.000000  0.000000


  -4376662.704968  -503109.164034  0.000000
  -503109.164034  -768333.245848  0.000000
  0.000000  0.000000  0.000000


  -4414172.514894  -444778.760530  0.000000
  -444778.760530  -824781.271409  0.000000
  0.000000  0.000000  0.000000


  -4384548.010573  -541915.861056  0.000000
  -541915.861056  -902925.581951  0.000000
  0.000000  0.000000  0.000000


  -4415888.122316  -388471.371334  0.000000
  -388471.371334  -705273.144183  0.000000
  0.000000  0.000000  0.000000


  -4236442.673839  -492574.547283  0.000000
  -492574.547283  -871709.795274  0.000000
  0.000000  0.000000  0.000000


  -4490349.798821  -413779.561124  0.000000
  -413779.561124  -722110.474941  0.000000
  0.000000  0.000000  0.000000


  -4361252.947892  -405973.924290  0.000000
  -405973.924290  -959677.536252  0.000000
  0.000000  0.000000  0.000000


  -4510620.824026  -329400.585998  0.000000
  -329400.585998  -644971.681715  0.000000
  0.000000  0.000000  0.000000


  -4330455.122867  -405455.780637  0.000000
  -405455.780637  -781097.005339  0.000000
  0.000000  0.000000  0.000000


  -4264904.253966  -369568.293641  0.000000
  -369568.293641  -929559.632163  0.000000
  0.000000  0.000000  0.000000


  -4551314.160171  -342082.975848  0.000000
  -342082.975848  -651557.016621  0.000000
  0.000000  0.000000  0.000000


  -4352750.918715  -253601.102860  0.000000
  -253601.102860  -1062522.688491  0.000000
  0.000000  0.000000  0.000000


  -4304696.674855  -342486.535181  0.000000
  -342486.535181  -1095134.050546  0.000000
  0.000000  0.000000  0.000000


  -4639940.886710  -351698.493017  0.000000
  -351698.493017  -647962.263993  0.000000
  0.000000  0.000000  0.000000


  -4304723.724424  -271169.606072  0.000000
  -271169.606072  -826266.606279  0.000000
  0.000000  0.000000  0.000000


  -4229591.070058  -303211.408084  0.000000
  -303211.408084  -1053248.469100  0.000000
  0.000000  0.000000  0.000000


  -4676794.037212  -350430.969859  0.000000
  -350430.969859  -624880.930097  0.000000
  0.000000  0.000000  0.000000


  -4372864.252402  -309432.869161  0.000000
  -309432.869161  -872854.023836  0.000000
  0.000000  0.000000  0.000000


  -4342975.168665  -147318.403101  0.000000
  -147318.403101  -1204167.498432  0.000000
  0.000000  0.000000  0.000000


  -4341138.268356  -269635.700324  0.000000
  -269635.700324  -643715.482302  0.000000
  0.000000  0.000000  0.000000


  -4413807.026035  -335641.675811  0.000000
  -335641.675811  -754225.883132  0.000000
  0.000000  0.000000  0.000000


  -4363176.336896  -180439.054277  0.000000
  -180439.054277  -772234.734828  0.000000
  0.000000  0.000000  0.000000


  -4416138.235472  -277219.204280  0.000000
  -277219.204280  -633403.217676  0.000000
  0.000000  0.000000  0.000000


  -4450547.273797  -300696.792541  0.000000
  -300696.792541  -668019.165664  0.000000
  0.000000  0.000000  0.000000


  -4387137.226834  -214862.769033  0.000000
  -214862.769033  -689585.432312  0.000000
  0.000000  0.000000  0.000000


  -4470842.122682  -209676.840050  0.000000
  -209676.840050  -575757.180095  0.000000
  0.000000  0.000000  0.000000


  -4376514.259187  -148554.068255  0.000000
  -148554.068255  -476027.399900  0.000000
  0.000000  0.000000  0.000000


  -4316463.760350  -125502.239420  0.000000
  -125502.239420  -524788.997670  0.000000
  0.000000  0.000000  0.000000


  -4493525.080672  -232117.167622  0.000000
  -232117.167622  -614436.521084  0.000000
  0.000000  0.000000  0.000000


  -4396648.098713  -186940.749858  0.000000
  -186940.749858  -592410.199678  0.000000
  0.000000  0.000000  0.000000


  -4588541.748782  -234246.507786  0.000000
  -234246.507786  -618181.276608  0.000000
  0.000000  0.000000  0.000000


  -4528294.767407  -127214.360634  0.000000
  -127214.360634  -573645.066092  0.000000
  0.000000  0.000000  0.000000


  -4605489.829425  -239143.469819  0.000000
  -239143.469819  -620047.006268  0.000000
  0.000000  0.000000  0.000000


  -4533221.727861  -138291.391980  0.000000
  -138291.391980  -596173.864156  0.000000
  0.000000  0.000000  0.000000


  -4428850.159082  -132967.212189  0.000000
  -132967.212189  -562311.078242  0.000000
  0.000000  0.000000  0.000000


  -4728864.105666  -226256.182369  0.000000
  -226256.182369  -639450.811471  0.000000
  0.000000  0.000000  0.000000


  -4651282.650246  -123178.867187  0.000000
  -123178.867187  -617324.777079  0.000000
  0.000000  0.000000  0.000000


  -4411675.198877  -93763.820121  0.000000
  -93763.820121  -482435.413567  0.000000
  0.000000  0.000000  0.000000


  -4729282.697186  -219479.245970  0.000000
  -219479.245970  -623786.128483  0.000000
  0.000000  0.000000  0.000000


  -3801697.003660  -2480264.646557  0.000000
  -2480264.646557  -976704.245255  0.000000
  0.000000  0.000000  0.000000


  -1197100.003778  -2271496.294790  0.000000
  -2271496.294790  -1609529.387731  0.000000
  0.000000  0.000000  0.000000


  -3845558.257385  -2200435.811641  0.000000
  -2200435.811641  -590552.491218  0.000000
  0.000000  0.000000  0.000000


  -1215554.289449  -1003709.818559  0.000000
  -1003709.818559  37312.828889  0.000000
  0.000000  0.000000  0.000000


  -741856.081644  -874802.405485  0.000000
  -874802.405485  -365373.881180  0.000000
  0.000000  0.000000  0.000000


  -967297.879872  -1111293.814795  0.000000
  -1111293.814795  1241127.371538  0.000000
  0.000000  0.000000  0.000000


  130356.747443  -495069.924193  0.000000
  -495069.924193  119315.636121  0.000000
  0.000000  0.000000  0.000000


  -6184009.411630  -2977500.059308  0.000000
  -2977500.059308  -102665.218946  0.000000
  0.000000  0.000000  0.000000


  -8431507.595393  -2226480.569885  0.000000
  -2226480.569885  -802694.040907  0.000000
  0.000000  0.000000  0.000000


  -6970609.620648  -1183767.370237  0.000000
  -1183767.370237  -511477.077800  0.000000
  0.000000  0.000000  0.000000


  -7610617.802121  -1526579.125118  0.000000
  -1526579.125118  -941534.747382  0.000000
  0.000000  0.000000  0.000000


  -6486691.747479  -1645094.343963  0.000000
  -1645094.343963  -53758.910256  0.000000
  0.000000  0.000000  0.000000


  -7762656.764534  -876096.573428  0.000000
  -876096.573428  -1554988.689217  0.000000
  0.000000  0.000000  0.000000


  -3707025.685910  -4527778.416948  0.000000
  -4527778.416948  -3429311.883395  0.000000
  0.000000  0.000000  0.000000


  -8113577.945671  -197856.727029  0.000000
  -197856.727029  -785191.393347  0.000000
  0.000000  0.000000  0.000000


  -6970331.064756  -580803.479698  0.000000
  -580803.479698  -393773.064474  0.000000
  0.000000  0.000000  0.000000


  -7787045.040631  -341368.178113  0.000000
  -341368.178113  -1290987.483199  0.000000
  0.000000  0.000000  0.000000


  -6957895.606198  -568092.036142  0.000000
  -568092.036142  -371636.390606  0.000000
  0.000000  0.000000  0.000000


  -8672994.029084  -95600.737499  0.000000
  -95600.737499  -1572665.979099  0.000000
  0.000000  0.000000  0.000000


  -7350752.599693  274784.108094  0.000000
  274784.108094  -697555.065383  0.000000
  0.000000  0.000000  0.000000


  -9045522.900266  -1930227.589617  0.000000
  -1930227.589617  -2764967.253274  0.000000
  0.000000  0.000000  0.000000


  -8717477.239155  -502277.808345  0.000000
  -502277.808345  -2227209.595913  0.000000
  0.000000  0.000000  0.000000


  -6702714.895599  392656.581147  0.000000
  392656.581147  -784203.199211  0.000000
  0.000000  0.000000  0.000000


  -10533766.420215  -834830.992549  0.000000
  -834830.992549  -2110199.950207  0.000000
  0.000000  0.000000  0.000000


  -8117192.433032  589886.061011  0.000000
  589886.061011  -1052625.904130  0.000000
  0.000000  0.000000  0.000000


  -6973717.489567  936618.556568  0.000000
  936618.556568  -1095144.718530  0.000000
  0.000000  0.000000  0.000000


  -10149381.234728  -1203304.284163  0.000000
  -1203304.284163  -581959.923043  0.000000
  0.000000  0.000000  0.000000


  -7285651.143262  628216.055049  0.000000
  628216.055049  -1420989.643199  0.000000
  0.000000  0.000000  0.000000


  -5977545.340002  1145214.756268  0.000000
  1145214.756268  -1165948.723712  0.000000
  0.000000  0.000000  0.000000


  -9174358.547634  853266.159122  0.000000
  853266.159122  -1743827.635630  0.000000
  0.000000  0.000000  0.000000


  -7513442.108332  1268449.839373  0.000000
  1268449.839373  -1261894.835485  0.000000
  0.000000  0.000000  0.000000


  -7528643.200763  1117672.970231  0.000000
  1117672.970231  -2043497.528908  0.000000
  0.000000  0.000000  0.000000


  -7298927.715514  989169.658436  0.000000
  989169.658436  -1928770.101808  0.000000
  0.000000  0.000000  0.000000


  -4281040.635094  -198867.058025  0.000000
  -198867.058025  -986781.052299  0.000000
  0.000000  0.000000  0.000000


  -4329229.459789  -76003.404768  0.000000
  -76003.404768  -488401.224507  0.000000
  0.000000  0.000000  0.000000


  -14667578.879555  -2768103.548695  0.000000
  -2768103.548695  -2312013.031426  0.000000
  0.000000  0.000000  0.000000


  -11397890.880843  -305574.313668  0.000000
  -305574.313668  -156165.014279  0.000000
  0.000000  0.000000  0.000000


  -5188064.418320  -2240903.877774  0.000000
  -2240903.877774  -633829.760046  0.000000
  0.000000  0.000000  0.000000


  -5426409.793870  -1511148.912436  0.000000
  -1511148.912436  -329717.313563  0.000000
  0.000000  0.000000  0.000000


  -6400767.113487  -4661062.293508  0.000000
  -4661062.293508  -2280891.352234  0.000000
  0.000000  0.000000  0.000000


  -6991148.722080  320838.398113  0.000000
  320838.398113  -290500.829280  0.000000
  0.000000  0.000000  0.000000


  -7768402.428228  455192.098678  0.000000
  455192.098678  -378929.922563  0.000000
  0.000000  0.000000  0.000000


  -6995254.669400  1261728.926896  0.000000
  1261728.926896  -311030.565880  0.000000
  0.000000  0.000000  0.000000


  -7817331.813700  -615899.469216  0.000000
  -615899.469216  -623576.849919  0.000000
  0.000000  0.000000  0.000000


  -8089979.842376  6866.196408  0.000000
  6866.196408  -998578.858281  0.000000
  0.000000  0.000000  0.000000


  -6333405.231806  1200698.118544  0.000000
  1200698.118544  -496191.418021  0.000000
  0.000000  0.000000  0.000000


  -8410426.885938  -362593.893829  0.000000
  -362593.893829  -914910.196474  0.000000
  0.000000  0.000000  0.000000


  -7988828.454599  1417693.384130  0.000000
  1417693.384130  -492821.919397  0.000000
  0.000000  0.000000  0.000000


  -7919516.793951  -1867684.302060  0.000000
  -1867684.302060  -2180490.746139  0.000000
  0.000000  0.000000  0.000000


  -10283463.838956  -2828438.756552  0.000000
  -2828438.756552  -2653280.155140  0.000000
  0.000000  0.000000  0.000000


  -8748256.709793  -962239.072902  0.000000
  -962239.072902  -1981626.941011  0.000000
  0.000000  0.000000  0.000000


  -7863588.363101  639982.983731  0.000000
  639982.983731  -1373856.909913  0.000000
  0.000000  0.000000  0.000000


  -9423068.916615  -975271.658610  0.000000
  -975271.658610  -1689869.834493  0.000000
  0.000000  0.000000  0.000000


  -8560557.282061  82155.168535  0.000000
  82155.168535  -1043129.802348  0.000000
  0.000000  0.000000  0.000000


  -14287038.927722  -2005646.914295  0.000000
  -2005646.914295  -1136733.421513  0.000000
  0.000000  0.000000  0.000000


  -10428639.157191  -1015684.216423  0.000000
  -1015684.216423  -35810.746902  0.000000
  0.000000  0.000000  0.000000


  -9608385.546176  -1020967.062303  0.000000
  -1020967.062303  -1742325.547742  0.000000
  0.000000  0.000000  0.000000


  -9127907.736003  -431923.501023  0.000000
  -431923.501023  -1725286.213187  0.000000
  0.000000  0.000000  0.000000


  -10680562.168845  -944077.766327  0.000000
  -944077.766327  -1310747.513767  0.000000
  0.000000  0.000000  0.000000


  -9676012.317928  -145668.443662  0.000000
  -145668.443662  -2080459.406503  0.000000
  0.000000  0.000000  0.000000


  -10964614.916972  -700358.541167  0.000000
  -700358.541167  -454647.289577  0.000000
  0.000000  0.000000  0.000000


  -10512587.260151  -131537.988911  0.000000
  -131537.988911  -13391.903654  0.000000
  0.000000  0.000000  0.000000


  -10527709.284363  -234580.821792  0.000000
  -234580.821792  -716704.550411  0.000000
  0.000000  0.000000  0.000000


  -10230598.474795  133971.667896  0.000000
  133971.667896  -1454010.266980  0.000000
  0.000000  0.000000  0.000000


  -10645149.634875  -221607.662369  0.000000
  -221607.662369  -667028.081654  0.000000
  0.000000  0.000000  0.000000


  -10668979.120706  155302.285551  0.000000
  155302.285551  -1423053.732124  0.000000
  0.000000  0.000000  0.000000


  -10939441.010536  1961259.061018  0.000000
  1961259.061018  -2712161.518522  0.000000
  0.000000  0.000000  0.000000


  -10086227.076702  -204660.471570  0.000000
  -204660.471570  -202200.107418  0.000000
  0.000000  0.000000  0.000000


  -10691576.995707  231971.171752  0.000000
  231971.171752  -18145.025650  0.000000
  0.000000  0.000000  0.000000


  -11678187.846934  546829.912760  0.000000
  546829.912760  -697620.738022  0.000000
  0.000000  0.000000  0.000000


  -11131286.803432  314008.787086  0.000000
  314008.787086  -430099.692212  0.000000
  0.000000  0.000000  0.000000


  -11600061.931159  866582.467069  0.000000
  866582.467069  -306991.159148  0.000000
  0.000000  0.000000  0.000000


  -11095588.347811  288297.692031  0.000000
  288297.692031  -251607.414110  0.000000
  0.000000  0.000000  0.000000


  -11714207.553405  438752.716874  0.000000
  438752.716874  -161631.988989  0.000000
  0.000000  0.000000  0.000000


  -10739364.844387  192955.344946  0.000000
  192955.344946  -242898.717212  0.000000
  0.000000  0.000000  0.000000


  -11291463.208776  366056.672237  0.000000
  366056.672237  -114097.407777  0.000000
  0.000000  0.000000  0.000000


  -11679625.009688  465272.807201  0.000000
  465272.807201  11280.729595  0.000000
  0.000000  0.000000  0.000000


  -10206682.615598  10934.306999  0.000000
  10934.306999  -62867.206246  0.000000
  0.000000  0.000000  0.000000


  -10569007.891935  268792.484187  0.000000
  268792.484187  -135332.261513  0.000000
  0.000000  0.000000  0.000000


  -11262191.938488  327983.114840  0.000000
  327983.114840  32258.943655  0.000000
  0.000000  0.000000  0.000000


  -11038022.847826  390560.764504  0.000000
  390560.764504  -92670.618314  0.000000
  0.000000  0.000000  0.000000


  -5615765.561474  1093375.388151  0.000000
  1093375.388151  -258164.794931  0.000000
  0.000000  0.000000  0.000000


  -5689496.078183  1602576.923966  0.000000
  1602576.923966  -626817.378477  0.000000
  0.000000  0.000000  0.000000


  -4422497.754134  1803461.331234  0.000000
  1803461.331234  -509578.007870  0.000000
  0.000000  0.000000  0.000000


  -4274393.225321  1397753.809369  0.000000
  1397753.809369  -524887.791789  0.000000
  0.000000  0.000000  0.000000


  -6432379.281291  1995016.131736  0.000000
  1995016.131736  -506843.313303  0.000000
  0.000000  0.000000  0.000000


  -4516385.175977  1945835.038354  0.000000
  1945835.038354  -979015.117089  0.000000
  0.000000  0.000000  0.000000


  -4377136.199371  1493080.238346  0.000000
  1493080.238346  -1038602.662039  0.000000
  0.000000  0.000000  0.000000


  -4700771.712542  2203522.433039  0.000000
  2203522.433039  -718300.636807  0.000000
  0.000000  0.000000  0.000000


  -2521486.189730  2143744.198555  0.000000
  2143744.198555  -970188.833096  0.000000
  0.000000  0.000000  0.000000


  -3003819.218223  1732826.058164  0.000000
  1732826.058164  -878864.324772  0.000000
  0.000000  0.000000  0.000000


  -8469780.396047  2286699.811528  0.000000
  2286699.811528  -351840.079568  0.000000
  0.000000  0.000000  0.000000


  -4710595.565190  2484268.869676  0.000000
  2484268.869676  -822163.657843  0.000000
  0.000000  0.000000  0.000000


  -3087209.392037  1411558.220047  0.000000
  1411558.220047  -1295815.193844  0.000000
  0.000000  0.000000  0.000000


  -849841.343179  1925994.767443  0.000000
  1925994.767443  -2037810.124477  0.000000
  0.000000  0.000000  0.000000


  -1610994.086569  1612601.041172  0.000000
  1612601.041172  -1208227.965509  0.000000
  0.000000  0.000000  0.000000


  -2245144.985516  1295575.938344  0.000000
  1295575.938344  -1243918.837511  0.000000
  0.000000  0.000000  0.000000


  -2614902.399376  1584365.597522  0.000000
  1584365.597522  -1022897.898366  0.000000
  0.000000  0.000000  0.000000


  -1615466.219420  806026.582383  0.000000
  806026.582383  -1230588.629765  0.000000
  0.000000  0.000000  0.000000


  -832035.614934  1693746.513989  0.000000
  1693746.513989  -1214048.196358  0.000000
  0.000000  0.000000  0.000000


  -754382.675429  938532.087984  0.000000
  938532.087984  -1156883.451016  0.000000
  0.000000  0.000000  0.000000


  -1323101.122810  574970.895774  0.000000
  574970.895774  34595.740067  0.000000
  0.000000  0.000000  0.000000


  -625406.038635  384981.658792  0.000000
  384981.658792  -180900.314861  0.000000
  0.000000  0.000000  0.000000


  -100801.647971  544108.037495  0.000000
  544108.037495  -6831.515114  0.000000
  0.000000  0.000000  0.000000


  -8796656.447779  1262034.488965  0.000000
  1262034.488965  -2283604.605971  0.000000
  0.000000  0.000000  0.000000


  -11603318.209901  398662.605579  0.000000
  398662.605579  -21140.945908  0.000000
  0.000000  0.000000  0.000000


  -11336200.891583  388003.502722  0.000000
  388003.502722  -43474.953504  0.000000
  0.000000  0.000000  0.000000


  -11584883.456633  346963.740559  0.000000
  346963.740559  71032.820432  0.000000
  0.000000  0.000000  0.000000


  -11285464.364898  290490.125307  0.000000
  290490.125307  -10269.325804  0.000000
  0.000000  0.000000  0.000000


  -11362862.023481  387306.473986  0.000000
  387306.473986  -25748.857520  0.000000
  0.000000  0.000000  0.000000


  -730022.035875  111530.725814  0.000000
  111530.725814  -829930.753031  0.000000
  0.000000  0.000000  0.000000


  -239438.292374  520290.295107  0.000000
  520290.295107  -249070.313353  0.000000
  0.000000  0.000000  0.000000


  -863939.595549  428346.833404  0.000000
  428346.833404  -1281147.280961  0.000000
  0.000000  0.000000  0.000000


  -122003.966984  -267347.465180  0.000000
  -267347.465180  675917.329180  0.000000
  0.000000  0.000000  0.000000


  -11498175.795165  351487.770476  0.000000
  351487.770476  -52763.066762  0.000000
  0.000000  0.000000  0.000000


  -11372592.957132  387605.715860  0.000000
  387605.715860  -123093.451427  0.000000
  0.000000  0.000000  0.000000


  -11441644.343760  282461.200170  0.000000
  282461.200170  56753.164433  0.000000
  0.000000  0.000000  0.000000


  -11234909.223452  354891.699324  0.000000
  354891.699324  -127472.531731  0.000000
  0.000000  0.000000  0.000000


  -11400113.426938  411614.949587  0.000000
  411614.949587  -148842.948413  0.000000
  0.000000  0.000000  0.000000


  -11351483.777826  367279.778780  0.000000
  367279.778780  -13763.585787  0.000000
  0.000000  0.000000  0.000000


  -11298658.650614  398366.915191  0.000000
  398366.915191  -561765.655383  0.000000
  0.000000  0.000000  0.000000


  -11000737.154583  63540.551530  0.000000
  63540.551530  -1640296.903276  0.000000
  0.000000  0.000000  0.000000


  -11221498.689800  285041.083456  0.000000
  285041.083456  -170692.587661  0.000000
  0.000000  0.000000  0.000000


  -1765815.381420  -346886.416166  0.000000
  -346886.416166  -1341234.677284  0.000000
  0.000000  0.000000  0.000000


  -4234619.632020  82719.532186  0.000000
  82719.532186  -1297240.153829  0.000000
  0.000000  0.000000  0.000000


  -4412546.330659  52856.693323  0.000000
  52856.693323  -435776.250853  0.000000
  0.000000  0.000000  0.000000


  -4326990.211149  -3838.175165  0.000000
  -3838.175165  -377954.661047  0.000000
  0.000000  0.000000  0.000000


  -4376540.417706  -54284.860324  0.000000
  -54284.860324  -474591.743052  0.000000
  0.000000  0.000000  0.000000


  -4380304.237578  -16213.788666  0.000000
  -16213.788666  -385819.549146  0.000000
  0.000000  0.000000  0.000000


  -4462892.585745  -23975.117939  0.000000
  -23975.117939  -507950.451823  0.000000
  0.000000  0.000000  0.000000


  -4331048.453696  -37058.917046  0.000000
  -37058.917046  -364982.312327  0.000000
  0.000000  0.000000  0.000000


  -4357814.572614  -41196.043095  0.000000
  -41196.043095  -178905.522129  0.000000
  0.000000  0.000000  0.000000


  -4328718.406245  -28917.923959  0.000000
  -28917.923959  -379776.384865  0.000000
  0.000000  0.000000  0.000000


  -4371522.610982  -115337.606330  0.000000
  -115337.606330  -455704.458155  0.000000
  0.000000  0.000000  0.000000


  -2155343.058311  -298878.445931  0.000000
  -298878.445931  -1589504.456503  0.000000
  0.000000  0.000000  0.000000


  -1354086.344812  957255.441712  0.000000
  957255.441712  -1276397.036731  0.000000
  0.000000  0.000000  0.000000


  -2548146.499343  882752.417859  0.000000
  882752.417859  -1438625.558820  0.000000
  0.000000  0.000000  0.000000


  -2253541.444707  1377554.377092  0.000000
  1377554.377092  -1203668.927990  0.000000
  0.000000  0.000000  0.000000


  -15279885.028221  1597596.471469  0.000000
  1597596.471469  -1042955.778561  0.000000
  0.000000  0.000000  0.000000


  -1685177.723259  1060980.625951  0.000000
  1060980.625951  621711.901995  0.000000
  0.000000  0.000000  0.000000


  -4341606.385680  46104.451999  0.000000
  46104.451999  -400907.509971  0.000000
  0.000000  0.000000  0.000000


  -11797061.054518  693013.361066  0.000000
  693013.361066  -395491.502558  0.000000
  0.000000  0.000000  0.000000


  -3971680.387982  143966.238800  0.000000
  143966.238800  -1292043.286136  0.000000
  0.000000  0.000000  0.000000


  -3617681.916767  -131437.255364  0.000000
  -131437.255364  -1247062.841309  0.000000
  0.000000  0.000000  0.000000


  -3631940.513218  -187563.376211  0.000000
  -187563.376211  -1328351.128815  0.000000
  0.000000  0.000000  0.000000


  -3813411.186748  -108655.805947  0.000000
  -108655.805947  -1252923.756089  0.000000
  0.000000  0.000000  0.000000


  -3320697.542253  -206344.602632  0.000000
  -206344.602632  -1344274.693832  0.000000
  0.000000  0.000000  0.000000


  -3438052.716051  -458035.491049  0.000000
  -458035.491049  -1168229.900240  0.000000
  0.000000  0.000000  0.000000


  -3796508.837555  -319702.885482  0.000000
  -319702.885482  -1168412.010129  0.000000
  0.000000  0.000000  0.000000


  -3877338.635005  -100998.294169  0.000000
  -100998.294169  -1232423.125020  0.000000
  0.000000  0.000000  0.000000


  -3010189.697023  -234185.676327  0.000000
  -234185.676327  -1323993.567305  0.000000
  0.000000  0.000000  0.000000


  -3932820.903520  -397527.033705  0.000000
  -397527.033705  -1263671.532467  0.000000
  0.000000  0.000000  0.000000


  -4036550.352535  -277079.357630  0.000000
  -277079.357630  -1217557.079949  0.000000
  0.000000  0.000000  0.000000


  -4006802.387782  -77166.283002  0.000000
  -77166.283002  -1249309.954127  0.000000
  0.000000  0.000000  0.000000


  -3959205.472494  -428996.167220  0.000000
  -428996.167220  -1087272.045426  0.000000
  0.000000  0.000000  0.000000


  -3994204.751577  -251965.366991  0.000000
  -251965.366991  -1186321.773101  0.000000
  0.000000  0.000000  0.000000


  -4074877.990966  -86820.926130  0.000000
  -86820.926130  -1253918.474254  0.000000
  0.000000  0.000000  0.000000


  -4178758.270364  -360253.098932  0.000000
  -360253.098932  -1157964.585883  0.000000
  0.000000  0.000000  0.000000


  -4163767.732687  -197943.067139  0.000000
  -197943.067139  -1242300.600188  0.000000
  0.000000  0.000000  0.000000


  -4137958.918259  -330103.875350  0.000000
  -330103.875350  -1113256.528045  0.000000
  0.000000  0.000000  0.000000


  -4159092.926789  -188546.413925  0.000000
  -188546.413925  -1229017.939446  0.000000
  0.000000  0.000000  0.000000


  -4251969.684450  -113148.403535  0.000000
  -113148.403535  -1339067.607256  0.000000
  0.000000  0.000000  0.000000


  -4164571.415047  -49608.497683  0.000000
  -49608.497683  -1296351.271235  0.000000
  0.000000  0.000000  0.000000


  -4232499.654587  -217763.388162  0.000000
  -217763.388162  -1241717.457940  0.000000
  0.000000  0.000000  0.000000


  -4299378.070773  -105961.939844  0.000000
  -105961.939844  -1298265.014838  0.000000
  0.000000  0.000000  0.000000


  -4291516.358881  -111316.781782  0.000000
  -111316.781782  -1334864.034878  0.000000
  0.000000  0.000000  0.000000


  -4224460.692671  -81441.433002  0.000000
  -81441.433002  -1336077.298945  0.000000
  0.000000  0.000000  0.000000


  -4285490.403371  5961.941603  0.000000
  5961.941603  -1437386.928599  0.000000
  0.000000  0.000000  0.000000


  -4145337.620822  -487792.669498  0.000000
  -487792.669498  -1146640.873497  0.000000
  0.000000  0.000000  0.000000


  -3329288.134781  176953.514312  0.000000
  176953.514312  -1307266.596461  0.000000
  0.000000  0.000000  0.000000


  -7177480.505571  2282949.776199  0.000000
  2282949.776199  -1869332.302653  0.000000
  0.000000  0.000000  0.000000


  -2735890.419643  -667998.559077  0.000000
  -667998.559077  -682032.983557  0.000000
  0.000000  0.000000  0.000000


  -753049.970590  134092.608694  0.000000
  134092.608694  -721388.915534  0.000000
  0.000000  0.000000  0.000000


  -1240645.913117  1268385.979997  0.000000
  1268385.979997  -809120.291352  0.000000
  0.000000  0.000000  0.000000


  -249159.965152  574031.717893  0.000000
  574031.717893  -215064.129026  0.000000
  0.000000  0.000000  0.000000


  253362.183995  34598.509441  0.000000
  34598.509441  594018.679733  0.000000
  0.000000  0.000000  0.000000


  -11580094.148341  195648.856219  0.000000
  195648.856219  -61636.433569  0.000000
  0.000000  0.000000  0.000000


  -10324877.903827  230572.119684  0.000000
  230572.119684  -521173.995876  0.000000
  0.000000  0.000000  0.000000


  -10299182.457912  525104.975562  0.000000
  525104.975562  -276926.288554  0.000000
  0.000000  0.000000  0.000000


  -11880170.695942  -255774.596479  0.000000
  -255774.596479  -23500.794293  0.000000
  0.000000  0.000000  0.000000


  -6759963.500935  -2559678.069959  0.000000
  -2559678.069959  -1201192.313893  0.000000
  0.000000  0.000000  0.000000


  -425050.992889  -425075.079411  0.000000
  -425075.079411  2402139.935236  0.000000
  0.000000  0.000000  0.000000


  -767968.096442  -1201970.399232  0.000000
  -1201970.399232  511383.006850  0.000000
  0.000000  0.000000  0.000000


  -981316.706141  1086477.551394  0.000000
  1086477.551394  773644.609759  0.000000
  0.000000  0.000000  0.000000


  -302170.294966  -302194.882097  0.000000
  -302194.882097  2470151.010647  0.000000
  0.000000  0.000000  0.000000


  -301515.786020  301542.163652  0.000000
  301542.163652  2562098.034711  0.000000
  0.000000  0.000000  0.000000


  -6187835.534353  -852178.855774  0.000000
  -852178.855774  -94535.924429  0.000000
  0.000000  0.000000  0.000000


  -676596.168323  457961.822810  0.000000
  457961.822810  2411666.400411  0.000000
  0.000000  0.000000  0.000000


  -919896.042995  225180.121994  0.000000
  225180.121994  431990.605528  0.000000
  0.000000  0.000000  0.000000


  430676.181987  732768.404435  0.000000
  732768.404435  -513462.305057  0.000000
  0.000000  0.000000  0.000000


  -1768377.589633  1573287.965188  0.000000
  1573287.965188  -534839.500443  0.000000
  0.000000  0.000000  0.000000


  145661.425350  635566.074642  0.000000
  635566.074642  -43073.409108  0.000000
  0.000000  0.000000  0.000000


  -8926695.551909  -2126972.405151  0.000000
  -2126972.405151  -2777263.707826  0.000000
  0.000000  0.000000  0.000000


  -7895316.358401  -1413260.536422  0.000000
  -1413260.536422  -1670629.853364  0.000000
  0.000000  0.000000  0.000000


  -15457584.034065  -2893073.137579  0.000000
  -2893073.137579  -2412564.495976  0.000000
  0.000000  0.000000  0.000000


  -7228628.841399  -2168627.930145  0.000000
  -2168627.930145  -1139108.556086  0.000000
  0.000000  0.000000  0.000000


  -5275855.878878  -4293616.076173  0.000000
  -4293616.076173  -2774110.738557  0.000000
  0.000000  0.000000  0.000000


  -2966857.391236  -161019.735243  0.000000
  -161019.735243  -1633934.168230  0.000000
  0.000000  0.000000  0.000000


  -12410446.986139  610163.366721  0.000000
  610163.366721  -307447.401978  0.000000
  0.000000  0.000000  0.000000


  -4292662.736564  -231332.005086  0.000000
  -231332.005086  -1191613.372315  0.000000
  0.000000  0.000000  0.000000


  -11142151.931265  -189426.723410  0.000000
  -189426.723410  -396855.383959  0.000000
  0.000000  0.000000  0.000000


  -10650856.895039  -189401.944666  0.000000
  -189401.944666  15313.242191  0.000000
  0.000000  0.000000  0.000000


  -13258088.052487  -776961.377460  0.000000
  -776961.377460  -561528.011508  0.000000
  0.000000  0.000000  0.000000


  -282040.930330  -618191.077867  0.000000
  -618191.077867  -526327.386151  0.000000
  0.000000  0.000000  0.000000


  -1827030.088768  3826692.059941  0.000000
  3826692.059941  -3433099.488235  0.000000
  0.000000  0.000000  0.000000


  -3819124.866307  178048.808443  0.000000
  178048.808443  -1241310.348836  0.000000
  0.000000  0.000000  0.000000


  -900110.141621  -539759.088211  0.000000
  -539759.088211  -1258312.514829  0.000000
  0.000000  0.000000  0.000000


  -1128895.025724  -603151.620809  0.000000
  -603151.620809  -2458299.863796  0.000000
  0.000000  0.000000  0.000000


  -1553560.161069  -167364.698185  0.000000
  -167364.698185  -1233075.487821  0.000000
  0.000000  0.000000  0.000000


  -301131.013604  1166716.955917  0.000000
  1166716.955917  821245.160588  0.000000
  0.000000  0.000000  0.000000


  -2280092.610312  -3639938.750365  0.000000
  -3639938.750365  -2813398.855596  0.000000
  0.000000  0.000000  0.000000


  -2917182.947233  -234014.789056  0.000000
  -234014.789056  -1487368.503163  0.000000
  0.000000  0.000000  0.000000


  -2382112.272460  -256839.127254  0.000000
  -256839.127254  -1380353.390480  0.000000
  0.000000  0.000000  0.000000


  -3872787.399906  62759.827774  0.000000
  62759.827774  -1215602.375126  0.000000
  0.000000  0.000000  0.000000


  -4059233.502211  95763.403846  0.000000
  95763.403846  -1252891.138882  0.000000
  0.000000  0.000000  0.000000


  -4308196.383726  -371516.545970  0.000000
  -371516.545970  -1005000.852239  0.000000
  0.000000  0.000000  0.000000


  -4242890.409396  -268620.932022  0.000000
  -268620.932022  -678470.980591  0.000000
  0.000000  0.000000  0.000000


  -3825611.879825  -223213.414036  0.000000
  -223213.414036  -853769.086953  0.000000
  0.000000  0.000000  0.000000


  -4367437.459479  -227394.483559  0.000000
  -227394.483559  -721041.733544  0.000000
  0.000000  0.000000  0.000000


  -2836325.098101  -115669.423310  0.000000
  -115669.423310  -1584393.615970  0.000000
  0.000000  0.000000  0.000000


  -2806227.314290  242112.095488  0.000000
  242112.095488  -1441730.920528  0.000000
  0.000000  0.000000  0.000000


  -3809896.961848  -564128.859665  0.000000
  -564128.859665  -1054287.713360  0.000000
  0.000000  0.000000  0.000000


  -4067220.816326  -558142.910511  0.000000
  -558142.910511  -977175.247835  0.000000
  0.000000  0.000000  0.000000


  -12440000.502813  228492.230616  0.000000
  228492.230616  -99990.588804  0.000000
  0.000000  0.000000  0.000000


  -13617333.628279  2655330.950121  0.000000
  2655330.950121  -1951938.421419  0.000000
  0.000000  0.000000  0.000000


  -11185456.902424  -172600.920704  0.000000
  -172600.920704  -121344.379098  0.000000
  0.000000  0.000000  0.000000


  -11088660.467616  89667.789560  0.000000
  89667.789560  -111974.810710  0.000000
  0.000000  0.000000  0.000000


  -5106212.949560  57189.557214  0.000000
  57189.557214  -428214.910312  0.000000
  0.000000  0.000000  0.000000


  -5047236.180523  17282.120981  0.000000
  17282.120981  -474315.057114  0.000000
  0.000000  0.000000  0.000000


  -407888.278733  -88388.240459  0.000000
  -88388.240459  2122276.375981  0.000000
  0.000000  0.000000  0.000000


  -406976.417627  406999.809705  0.000000
  406999.809705  2371561.182149  0.000000
  0.000000  0.000000  0.000000


  -4169821.242179  -434609.244980  0.000000
  -434609.244980  -1001428.677145  0.000000
  0.000000  0.000000  0.000000


  -3810912.030984  -590325.418590  0.000000
  -590325.418590  -1256783.410786  0.000000
  0.000000  0.000000  0.000000


  -11893103.442792  -911486.596467  0.000000
  -911486.596467  -964423.298207  0.000000
  0.000000  0.000000  0.000000


  -11011522.104309  -215135.689367  0.000000
  -215135.689367  -9040.490945  0.000000
  0.000000  0.000000  0.000000


  -10636691.410908  -8191.460768  0.000000
  -8191.460768  -469552.115033  0.000000
  0.000000  0.000000  0.000000


  -1020291.400379  -452133.810020  0.000000
  -452133.810020  -1138875.415458  0.000000
  0.000000  0.000000  0.000000


  -4269572.711784  53271.136215  0.000000
  53271.136215  -1594671.131022  0.000000
  0.000000  0.000000  0.000000


  -3199399.102307  -668431.104368  0.000000
  -668431.104368  -1303091.914763  0.000000
  0.000000  0.000000  0.000000


  -1584786.730270  -413563.967664  0.000000
  -413563.967664  -1530517.584445  0.000000
  0.000000  0.000000  0.000000


  -4611150.202653  4946867.208060  0.000000
  4946867.208060  -2696319.047197  0.000000
  0.000000  0.000000  0.000000


  -1219125.987012  -182133.438620  0.000000
  -182133.438620  869480.632482  0.000000
  0.000000  0.000000  0.000000


  -14658294.121508  2268054.905770  0.000000
  2268054.905770  -1457278.175283  0.000000
  0.000000  0.000000  0.000000


  -3658632.983633  153127.883084  0.000000
  153127.883084  -1247892.092538  0.000000
  0.000000  0.000000  0.000000


  -3025588.637830  202.669092  0.000000
  202.669092  -1327186.685774  0.000000
  0.000000  0.000000  0.000000


  -2718992.630952  655944.127834  0.000000
  655944.127834  -669725.138264  0.000000
  0.000000  0.000000  0.000000


  -10968252.524705  119472.828283  0.000000
  119472.828283  54451.711972  0.000000
  0.000000  0.000000  0.000000


  -11959099.685572  203419.299504  0.000000
  203419.299504  -46737.903929  0.000000
  0.000000  0.000000  0.000000


  -11127024.117823  1002681.504821  0.000000
  1002681.504821  -905492.953386  0.000000
  0.000000  0.000000  0.000000


  -9331945.626708  -167080.113215  0.000000
  -167080.113215  -1269673.719555  0.000000
  0.000000  0.000000  0.000000


  -11186306.892486  513177.268676  0.000000
  513177.268676  -567975.689458  0.000000
  0.000000  0.000000  0.000000


  -11345863.592829  820961.930620  0.000000
  820961.930620  -391450.643670  0.000000
  0.000000  0.000000  0.000000


  -10627597.160522  1577787.396731  0.000000
  1577787.396731  -2758410.636086  0.000000
  0.000000  0.000000  0.000000


  -11485644.530069  -229138.456412  0.000000
  -229138.456412  -8745.423495  0.000000
  0.000000  0.000000  0.000000


  -443656.238226  -236935.172580  0.000000
  -236935.172580  2487669.603619  0.000000
  0.000000  0.000000  0.000000


  -4346384.779361  -152606.210869  0.000000
  -152606.210869  -887597.698550  0.000000
  0.000000  0.000000  0.000000


  -5326533.747221  -672021.941790  0.000000
  -672021.941790  -175456.832363  0.000000
  0.000000  0.000000  0.000000


  -14216721.923893  1912696.839319  0.000000
  1912696.839319  -1363330.240084  0.000000
  0.000000  0.000000  0.000000


  -5118383.113294  -1593664.954462  0.000000
  -1593664.954462  -1385331.456659  0.000000
  0.000000  0.000000  0.000000


  -2924333.642072  213146.159579  0.000000
  213146.159579  -1348688.766017  0.000000
  0.000000  0.000000  0.000000


  -11233803.119682  129618.209703  0.000000
  129618.209703  2208.695896  0.000000
  0.000000  0.000000  0.000000


  -10330809.913095  -186800.056822  0.000000
  -186800.056822  -143619.111451  0.000000
  0.000000  0.000000  0.000000


  -10593857.511770  62037.666531  0.000000
  62037.666531  -87739.824486  0.000000
  0.000000  0.000000  0.000000


  -12319928.763304  -344182.271061  0.000000
  -344182.271061  -146623.775938  0.000000
  0.000000  0.000000  0.000000


  -275044.298279  -593805.362011  0.000000
  -593805.362011  -307042.146093  0.000000
  0.000000  0.000000  0.000000


  -4468677.601133  220051.305364  0.000000
  220051.305364  -843414.350580  0.000000
  0.000000  0.000000  0.000000


  -627018.230068  324920.989460  0.000000
  324920.989460  2538325.411817  0.000000
  0.000000  0.000000  0.000000


  -4271892.808331  -472364.713192  0.000000
  -472364.713192  -1029454.969586  0.000000
  0.000000  0.000000  0.000000


  -5117344.085811  -2062912.303705  0.000000
  -2062912.303705  -2179923.011793  0.000000
  0.000000  0.000000  0.000000


  -2583481.701412  -206977.059677  0.000000
  -206977.059677  -1574896.005780  0.000000
  0.000000  0.000000  0.000000


  -13220162.710166  468084.900675  0.000000
  468084.900675  -296826.810501  0.000000
  0.000000  0.000000  0.000000


  -4983365.152109  4381450.850881  0.000000
  4381450.850881  -2329516.944628  0.000000
  0.000000  0.000000  0.000000


  -1858534.657462  1068646.572799  0.000000
  1068646.572799  -1046862.306643  0.000000
  0.000000  0.000000  0.000000


  -5059327.453100  95980.807638  0.000000
  95980.807638  -471510.259186  0.000000
  0.000000  0.000000  0.000000


  -2563071.257995  -354835.749761  0.000000
  -354835.749761  -1494531.568717  0.000000
  0.000000  0.000000  0.000000


  -917122.759075  -1373777.371467  0.000000
  -1373777.371467  762467.797095  0.000000
  0.000000  0.000000  0.000000


  -3287540.426157  -649049.045319  0.000000
  -649049.045319  -1142431.258023  0.000000
  0.000000  0.000000  0.000000


  -9839367.135566  1362054.786819  0.000000
  1362054.786819  -551247.393975  0.000000
  0.000000  0.000000  0.000000


  -3453932.348879  14636.525293  0.000000
  14636.525293  -1039043.805968  0.000000
  0.000000  0.000000  0.000000


  -3448047.599396  14196.593676  0.000000
  14196.593676  -1009620.053022  0.000000
  0.000000  0.000000  0.000000


  -4309054.059853  -127198.466894  0.000000
  -127198.466894  -641913.776116  0.000000
  0.000000  0.000000  0.000000


  -4991013.794790  -19356.196093  0.000000
  -19356.196093  -575993.531350  0.000000
  0.000000  0.000000  0.000000


  -4832952.355393  31167.498390  0.000000
  31167.498390  -625709.475506  0.000000
  0.000000  0.000000  0.000000


  -4819777.293037  33562.520685  0.000000
  33562.520685  -559834.231369  0.000000
  0.000000  0.000000  0.000000


  -4309084.975872  59831.702207  0.000000
  59831.702207  -1524726.725924  0.000000
  0.000000  0.000000  0.000000


  -4298107.959633  -68539.921096  0.000000
  -68539.921096  -1554388.299478  0.000000
  0.000000  0.000000  0.000000


  -5059614.947519  22915.994603  0.000000
  22915.994603  -480052.976142  0.000000
  0.000000  0.000000  0.000000


  -5069423.582559  25432.270185  0.000000
  25432.270185  -529096.204431  0.000000
  0.000000  0.000000  0.000000


  -4348658.383790  553.667588  0.000000
  553.667588  -173318.648818  0.000000
  0.000000  0.000000  0.000000


  -3495580.122318  153752.421302  0.000000
  153752.421302  -1314951.759057  0.000000
  0.000000  0.000000  0.000000


  -4333890.529317  -114251.511979  0.000000
  -114251.511979  -1143996.282199  0.000000
  0.000000  0.000000  0.000000


  -4286969.761853  -128233.271953  0.000000
  -128233.271953  -890217.437966  0.000000
  0.000000  0.000000  0.000000


  -4954762.615858  17825.831691  0.000000
  17825.831691  -576909.837730  0.000000
  0.000000  0.000000  0.000000


  -4961457.572287  15391.933729  0.000000
  15391.933729  -610384.584598  0.000000
  0.000000  0.000000  0.000000


  -4375184.961356  85513.308433  0.000000
  85513.308433  -286352.818435  0.000000
  0.000000  0.000000  0.000000


  -4342076.933285  -4069.014520  0.000000
  -4069.014520  -191061.279992  0.000000
  0.000000  0.000000  0.000000


  -5098923.671481  -21177.348071  0.000000
  -21177.348071  -478120.809014  0.000000
  0.000000  0.000000  0.000000


  -4608816.636792  -23752.821416  0.000000
  -23752.821416  -648494.822947  0.000000
  0.000000  0.000000  0.000000


  -4298252.969355  136521.960700  0.000000
  136521.960700  -1109418.429868  0.000000
  0.000000  0.000000  0.000000


  -4309285.210410  95582.239558  0.000000
  95582.239558  -1366493.188990  0.000000
  0.000000  0.000000  0.000000


  -4355872.865417  -78884.197892  0.000000
  -78884.197892  -318399.816008  0.000000
  0.000000  0.000000  0.000000


  -3284250.130529  -87800.620298  0.000000
  -87800.620298  -1050021.377203  0.000000
  0.000000  0.000000  0.000000


  -4350421.810133  117784.339667  0.000000
  117784.339667  -467083.147961  0.000000
  0.000000  0.000000  0.000000


  -4904125.347889  -1476.747588  0.000000
  -1476.747588  -527876.053943  0.000000
  0.000000  0.000000  0.000000


  -4129666.560344  14294.106796  0.000000
  14294.106796  -837276.494845  0.000000
  0.000000  0.000000  0.000000


  -4290712.599758  -118739.639078  0.000000
  -118739.639078  -1350513.982754  0.000000
  0.000000  0.000000  0.000000


  -5106724.740884  -17757.810525  0.000000
  -17757.810525  -517126.097934  0.000000
  0.000000  0.000000  0.000000


  -4244160.870064  -17388.440706  0.000000
  -17388.440706  -848268.198172  0.000000
  0.000000  0.000000  0.000000


  -4337996.672665  143318.609069  0.000000
  143318.609069  -902798.321950  0.000000
  0.000000  0.000000  0.000000


  -4349963.800142  -118572.277997  0.000000
  -118572.277997  -484516.122949  0.000000
  0.000000  0.000000  0.000000


  -947352.908510  -1986716.802372  0.000000
  -1986716.802372  -2594802.715657  0.000000
  0.000000  0.000000  0.000000


  -7169958.102550  1079828.801170  0.000000
  1079828.801170  -701237.762550  0.000000
  0.000000  0.000000  0.000000


  271862.185606  -51443.045831  0.000000
  -51443.045831  584330.656001  0.000000
  0.000000  0.000000  0.000000


  -4288768.527532  2494.908283  0.000000
  2494.908283  -1428956.778434  0.000000
  0.000000  0.000000  0.000000


  -10627824.596381  -297863.522489  0.000000
  -297863.522489  -277203.019850  0.000000
  0.000000  0.000000  0.000000


  -23893.054533  252685.485844  0.000000
  252685.485844  527232.666391  0.000000
  0.000000  0.000000  0.000000


  -3134870.816440  122782.604366  0.000000
  122782.604366  -1829735.795112  0.000000
  0.000000  0.000000  0.000000


  -11290002.692108  204684.020909  0.000000
  204684.020909  -171395.358363  0.000000
  0.000000  0.000000  0.000000

